survey_name,month,interview_date,satis_rating,avg_sat_rating,ease_rating,recommend_rating,login_rating,navig_rating,web_rating,function_rating,feature_rating,security_rating,dept_org_unit,product,zipcode,age,
Digital Banking,2020M01,1/9/2020,7,6.049011858,7,10,7,7,7,7,7,7,CB ,Deposits,78154,74,
Digital Banking,2020M01,1/14/2020,7,,7,10,7,7,7,7,7,7,CB ,Deposits,78886,66,
Digital Banking,2020M01,1/14/2020,6,,7,10,6,7,7,4,7,7,CB ,Deposits,78028,82,
Digital Banking,2020M01,1/14/2020,5,,6,9,4,3,5,6,3,5,CB ,Deposits,78270,69,
Digital Banking,2020M01,1/14/2020,7,,7,10,7,7,7,7,7,7,CB ,Deposits,78861,55,
Digital Banking,2020M01,1/14/2020,5,,6,9,6,6,6,5,6,6,CB ,Deposits,78015,75,
Digital Banking,2020M01,1/14/2020,7,,7,10,7,7,7,7,7,7,CB ,Deposits,78028,66,
Digital Banking,2020M01,1/9/2020,7,,7,10,7,7,7,7,7,7,CB ,Deposits,33102,64,
Digital Banking,2020M01,1/6/2020,7,,5,7,7,7,7,7,7,7,CB ,Loans,78140,63,
Digital Banking,2020M01,1/7/2020,5,,5,7,6,5,5,5,6,6,CB ,Deposits,78204,63,
Digital Banking,2020M01,1/7/2020,7,,7,10,7,7,7,7,7,7,CB ,Deposits,78217,72,
Digital Banking,2020M01,1/7/2020,6,,7,10,6,6,6,6,6,7,CB ,Deposits,78254,37,
Digital Banking,2020M01,1/9/2020,5,,6,8,6,6,6,6,5,6,CB ,Deposits,78005,65,
Digital Banking,2020M01,1/13/2020,7,,7,10,7,7,7,7,7,7,CB ,Deposits,78945,63,
Digital Banking,2020M01,1/15/2020,7,,7,10,7,7,7,7,7,7,CB ,Deposits,78154,64,
Digital Banking,2020M01,1/10/2020,7,,7,10,7,7,7,7,7,7,CB ,Loans,78209,68,
Digital Banking,2020M01,1/9/2020,6,,6,5,7,7,6,6,7,7,CB ,Deposits,78148,33,
Digital Banking,2020M01,1/21/2020,6,,6,9,7,7,6,7,7,6,CB ,Deposits,78251,60,
Digital Banking,2020M01,1/9/2020,7,,7,10,7,5,7,7,7,7,CB ,Deposits,78617,68,
Digital Banking,2020M01,1/13/2020,4,,5,5,2,2,4,2,4,6,CB ,Deposits,78247,41,
Digital Banking,2020M01,1/13/2020,6,,6,8,7,4,6,6,5,6,CB ,Deposits,78212,44,
Digital Banking,2020M01,1/13/2020,6,,5,6,6,5,6,6,6,6,CB ,Deposits,78163,31,
Digital Banking,2020M01,1/13/2020,6,,6,8,5,5,5,6,6,6,CB ,Deposits,78063,67,
Digital Banking,2020M01,1/21/2020,6,,6,9,7,6,6,6,7,7,CB ,Deposits,78259,66,
Digital Banking,2020M01,1/2/2020,7,,7,10,7,7,7,7,7,7,CB ,Deposits,78216,59,
Digital Banking,2020M01,1/3/2020,7,,7,10,7,7,6,7,7,7,CB ,Deposits,78231,61,
Digital Banking,2020M01,1/3/2020,6,,7,10,7,7,7,5,5,7,CB ,Deposits,78216,56,
Digital Banking,2020M01,1/4/2020,4,,6,7,7,5,5,4,6,7,CB ,Deposits,78217,57,
Digital Banking,2020M01,1/2/2020,5,,6,8,5,4,6,5,6,7,CB ,Deposits,78253,75,
Digital Banking,2020M01,1/3/2020,5,,5,7,4,4,4,4,5,5,CB ,Deposits,78154,65,
Digital Banking,2020M01,1/3/2020,3,,5,4,4,2,2,2,3,6,CB ,Deposits,78163,20,
Digital Banking,2020M01,1/6/2020,7,,7,10,7,7,7,7,7,7,BB ,Loans,78237,62,
Digital Banking,2020M01,1/6/2020,7,,7,10,7,7,7,7,6,6,CB ,Deposits,78216,43,
Digital Banking,2020M01,1/9/2020,6,,7,10,6,6,6,6,6,5,PB ,Deposits,78218,66,
Digital Banking,2020M01,1/8/2020,2,,4,5,6,3,3,4,4,7,CB ,Loans,78006,57,
Digital Banking,2020M01,1/9/2020,7,,7,10,7,7,7,7,7,7,CB ,Deposits,78244,61,
Digital Banking,2020M01,1/7/2020,6,,6,10,7,6,6,6,7,6,CB ,Deposits,78253,65,
Digital Banking,2020M01,1/7/2020,7,,7,10,7,7,5,5,7,7,CB ,Deposits,78251,48,
Digital Banking,2020M01,1/7/2020,5,,5,6,5,5,2,4,5,5,CB ,Deposits,78209,84,
Digital Banking,2020M01,1/7/2020,5,,5,7,7,4,5,4,5,6,CB ,Loans,78260,36,
Digital Banking,2020M01,1/7/2020,3,,4,10,1,1,1,2,4,1,PB ,Deposits,78130,77,
Digital Banking,2020M01,1/10/2020,7,,7,10,7,7,7,7,7,7,CB ,Deposits,77450,73,
Digital Banking,2020M01,1/10/2020,5,,7,10,7,4,3,2,5,5,CB ,Deposits,78247,74,
Digital Banking,2020M01,1/10/2020,7,,7,10,7,7,7,7,7,7,CB ,Deposits,75098,86,
Digital Banking,2020M01,1/10/2020,6,,7,10,6,6,6,6,6,7,PB ,Deposits,78620,76,
Digital Banking,2020M01,1/27/2020,4,,7,7,2,6,6,2,4,7,CB ,Deposits,78240,62,
Digital Banking,2020M01,1/28/2020,4,,6,9,4,6,6,6,6,4,CB ,Deposits,78209,78,
Digital Banking,2020M01,1/29/2020,7,,7,9,7,7,7,7,7,7,CB ,Deposits,78154,81,
Digital Banking,2020M01,1/23/2020,6,,7,9,7,6,6,6,7,7,CB ,Deposits,78130,64,
Digital Banking,2020M01,1/23/2020,7,,7,10,7,7,7,7,7,7,CB ,Loans,78009,47,
Digital Banking,2020M01,1/3/2020,7,,7,10,7,6,7,7,7,7,CB ,Deposits,78217,72,
Digital Banking,2020M01,1/6/2020,4,,5,5,6,4,4,4,5,4,PB ,Deposits,33763,42,
Digital Banking,2020M01,1/6/2020,7,,7,10,7,7,7,7,7,7,CB ,Deposits,78216,60,
Digital Banking,2020M01,1/7/2020,4,,6,10,2,1,6,2,2,6,CB ,Deposits,78109,73,
Digital Banking,2020M01,1/23/2020,7,,7,10,7,7,7,7,7,7,BB ,Loans,78278,60,
Digital Banking,2020M01,1/24/2020,5,,6,10,7,5,6,7,7,7,CB ,Deposits,78254,57,
Digital Banking,2020M01,1/24/2020,7,,7,10,7,7,7,7,7,7,CB ,Deposits,78216,71,
Digital Banking,2020M01,1/27/2020,6,,6,10,7,7,7,7,6,6,CB ,Deposits,78259,75,
Digital Banking,2020M01,1/6/2020,6,,6,9,6,6,6,6,6,6,CB ,Deposits,78006,74,
Digital Banking,2020M01,1/12/2020,3,,7,10,5,5,4,3,4,5,CB ,Deposits,78260,61,
Digital Banking,2020M01,1/13/2020,4,,4,4,4,4,4,4,4,5,CB ,Deposits,78015,66,
Digital Banking,2020M01,1/24/2020,7,,7,10,7,7,7,7,7,7,CB ,Deposits,78247,69,
Digital Banking,2020M01,1/24/2020,6,,6,9,6,6,6,6,6,7,CB ,Deposits,78249,72,
Digital Banking,2020M01,1/25/2020,4,,4,6,5,4,4,4,4,6,CB ,Deposits,78217,65,
Digital Banking,2020M01,1/25/2020,7,,7,10,7,7,7,7,7,7,CB ,Deposits,78070,82,
Digital Banking,2020M01,1/25/2020,6,,7,10,7,7,7,7,5,7,CB ,Deposits,78132,75,
Digital Banking,2020M01,1/26/2020,5,,7,9,5,5,5,5,6,7,PB ,Deposits,78209,78,
Digital Banking,2020M01,1/10/2020,7,,7,10,7,7,7,7,7,7,CB ,Deposits,78163,73,
Digital Banking,2020M01,1/15/2020,7,,7,10,7,5,6,6,7,7,CB ,Deposits,78233,72,
Digital Banking,2020M01,1/15/2020,5,,7,9,7,5,6,6,6,7,PB ,Loans,78734,59,
Digital Banking,2020M01,1/15/2020,5,,2,4,6,6,6,3,5,5,CB ,Loans,78163,56,
Digital Banking,2020M01,1/25/2020,7,,7,10,7,7,7,7,7,7,CB ,Deposits,78108,57,
Digital Banking,2020M01,1/17/2020,3,,7,10,2,2,5,4,3,6,CB ,Deposits,73116,50,
Digital Banking,2020M01,1/27/2020,6,,6,10,7,6,7,7,6,7,CB ,Deposits,78209,32,
Digital Banking,2020M01,1/10/2020,7,,7,10,7,6,7,7,7,7,CB ,Deposits,78254,72,
Digital Banking,2020M01,1/22/2020,1,,4,5,4,4,4,1,1,7,CB ,Loans,78121,71,
Digital Banking,2020M01,1/17/2020,4,,5,6,6,5,5,5,5,5,CB ,Deposits,78212,32,
Digital Banking,2020M01,1/15/2020,2,,7,10,3,4,7,2,3,7,CB ,Loans,78026,73,
Digital Banking,2020M01,1/15/2020,7,,7,10,7,7,7,7,7,7,CB ,Deposits,78109,63,
Digital Banking,2020M01,1/23/2020,7,,7,10,7,7,7,7,7,7,CB ,Deposits,78218,60,
Digital Banking,2020M01,1/24/2020,7,,7,10,7,7,7,7,7,7,CB ,Deposits,78249,69,
Digital Banking,2020M01,1/24/2020,6,,6,9,7,7,7,6,5,7,CB ,Deposits,78163,68,
Digital Banking,2020M01,1/28/2020,5,,3,2,4,4,2,2,3,5,BB ,Deposits,78212,71,
Digital Banking,2020M01,1/23/2020,5,,7,8,7,7,3,4,7,7,CB ,Deposits,78232,24,
Digital Banking,2020M01,1/23/2020,5,,7,10,7,7,7,1,4,7,CB ,Deposits,78109,58,
Digital Banking,2020M01,1/18/2020,3,,5,8,6,5,5,5,1,6,BB ,Deposits,78114,65,
Digital Banking,2020M02,2/12/2020,7,,7,9,7,7,7,7,7,7,CB ,Deposits,76943,59,
Digital Banking,2020M02,2/11/2020,2,,4,4,1,1,3,1,1,3,PB ,Deposits,78231,71,
Digital Banking,2020M02,2/6/2020,6,,6,8,6,6,6,6,6,6,CB ,Loans,78230,67,
Digital Banking,2020M02,2/6/2020,6,,4,3,3,3,3,3,3,5,CB ,Loans,78245,85,
Digital Banking,2020M02,2/11/2020,7,,7,10,7,7,7,7,7,7,CB ,Deposits,78114,50,
Digital Banking,2020M02,2/7/2020,7,,7,10,7,7,7,7,7,7,CB ,Deposits,78217,84,
Digital Banking,2020M02,2/12/2020,5,,6,8,6,6,6,6,6,6,CB ,Deposits,78249,83,
Digital Banking,2020M02,2/3/2020,2,,4,6,6,1,5,5,4,6,CB ,Loans,78070,62,
Digital Banking,2020M02,2/19/2020,7,,7,10,7,7,7,7,7,7,CB ,Deposits,78249,76,
Digital Banking,2020M02,2/19/2020,6,,7,10,6,6,6,6,7,7,CB ,Deposits,78619,64,
Digital Banking,2020M02,2/19/2020,7,,7,9,6,6,5,6,6,6,CB ,Deposits,78109,65,
Digital Banking,2020M02,2/10/2020,6,,6,9,6,6,6,6,7,6,CB ,Deposits,78881,62,
Digital Banking,2020M02,2/17/2020,6,,7,7,6,6,6,6,6,6,CB ,Deposits,78070,51,
Digital Banking,2020M02,2/14/2020,6,,6,9,5,5,5,7,5,7,CB ,Deposits,78728,57,
Digital Banking,2020M02,2/21/2020,5,,6,9,7,7,3,7,7,7,CB ,Deposits,78023,43,
Digital Banking,2020M02,2/21/2020,4,,7,10,5,4,4,4,4,6,PB ,Deposits,78229,68,
Digital Banking,2020M02,2/13/2020,4,,7,10,6,4,6,6,5,7,CB ,Deposits,78802,81,
Digital Banking,2020M02,2/14/2020,7,,7,10,7,7,7,6,7,7,CB ,Deposits,78861,80,
Digital Banking,2020M02,2/15/2020,5,,6,9,7,7,6,6,4,6,CB ,Deposits,78861,48,
Digital Banking,2020M02,2/13/2020,6,,6,7,6,3,4,6,6,5,CB ,Deposits,78258,69,
Digital Banking,2020M02,2/13/2020,5,,6,8,6,5,3,6,5,5,CB ,Deposits,78260,46,
Digital Banking,2020M02,2/14/2020,6,,6,9,6,6,6,5,6,6,CB ,Deposits,78233,74,
Digital Banking,2020M02,2/5/2020,6,,6,9,5,5,6,5,5,5,CB ,Deposits,78101,69,
Digital Banking,2020M02,2/5/2020,7,,7,10,7,6,6,7,7,7,CB ,Loans,78259,67,
Digital Banking,2020M02,2/5/2020,2,,7,10,2,2,2,3,3,7,CB ,Deposits,78244,77,
Digital Banking,2020M02,2/6/2020,6,,7,10,7,7,6,7,7,7,CB ,Deposits,78260,66,
Digital Banking,2020M02,2/6/2020,6,,7,10,7,7,5,6,7,7,CB ,Deposits,78248,62,
Digital Banking,2020M02,2/7/2020,7,,7,10,7,7,7,7,7,7,CB ,Deposits,78163,87,
Digital Banking,2020M02,2/4/2020,5,,4,7,2,3,2,5,5,5,CB ,Deposits,78028,46,
Digital Banking,2020M02,2/4/2020,2,,7,10,1,1,1,1,1,1,CB ,Deposits,78660,74,
Digital Banking,2020M02,2/4/2020,7,,7,10,7,7,7,7,7,7,CB ,Deposits,78230,72,
Digital Banking,2020M02,2/4/2020,3,,7,10,5,5,5,2,6,4,CB ,Deposits,78148,56,
Digital Banking,2020M02,2/7/2020,6,,7,10,7,6,6,7,7,7,CB ,Deposits,78025,30,
Digital Banking,2020M02,2/19/2020,7,,7,10,7,7,7,7,7,7,CB ,Deposits,78108,62,
Digital Banking,2020M02,2/7/2020,7,,7,10,7,7,7,7,7,7,CB ,Deposits,78676,72,
Digital Banking,2020M02,2/6/2020,7,,6,10,6,5,6,6,7,7,CB ,Deposits,78239,85,
Digital Banking,2020M02,2/6/2020,5,,7,10,3,4,5,5,5,5,CB ,Deposits,78233,66,
Digital Banking,2020M02,2/7/2020,3,,7,5,1,2,1,4,1,5,CB ,Deposits,78006,66,
Digital Banking,2020M02,2/7/2020,6,,6,9,6,6,6,6,6,6,CB ,Deposits,78073,68,
Digital Banking,2020M02,2/24/2020,5,,5,8,5,5,5,5,4,6,CB ,Loans,54911,58,
Digital Banking,2020M02,2/21/2020,7,,7,10,6,6,6,7,7,7,CB ,Loans,78218,69,
Digital Banking,2020M02,2/24/2020,7,,7,10,7,7,7,7,7,7,CB ,Deposits,78249,24,
Digital Banking,2020M02,2/18/2020,6,,6,9,6,6,6,6,6,6,CB ,Deposits,22153,66,
Digital Banking,2020M02,2/19/2020,7,,7,10,7,7,7,7,7,7,CB ,Deposits,78109,83,
Digital Banking,2020M02,2/21/2020,7,,7,10,7,7,7,7,7,7,CB ,Deposits,78218,80,
Digital Banking,2020M02,2/21/2020,6,,6,9,7,5,5,5,5,6,CB ,Deposits,78006,57,
Digital Banking,2020M02,2/21/2020,7,,7,10,7,7,7,7,7,7,CB ,Deposits,78249,69,
Digital Banking,2020M02,2/21/2020,7,,7,10,7,7,7,7,7,7,CB ,Deposits,78237,32,
Digital Banking,2020M02,2/21/2020,6,,7,10,7,7,6,5,7,7,PB ,Deposits,78209,71,
Digital Banking,2020M02,2/21/2020,6,,7,10,6,6,6,7,7,7,CB ,Deposits,78132,64,
Digital Banking,2020M02,2/20/2020,7,,7,10,7,7,7,7,7,7,CB ,Deposits,78239,79,
Digital Banking,2020M02,2/20/2020,5,,6,8,4,4,4,5,4,6,CB ,Deposits,78640,55,
Digital Banking,2020M02,2/20/2020,4,,5,9,5,4,4,4,5,5,CB ,Deposits,78028,66,
Digital Banking,2020M02,2/21/2020,6,,6,9,7,7,7,7,7,7,CB ,Deposits,78217,62,
Digital Banking,2020M02,2/21/2020,6,,6,8,6,6,5,5,6,6,CB ,Deposits,78209,69,
Digital Banking,2020M02,2/21/2020,7,,7,10,7,7,7,7,7,7,CB ,Deposits,78256,63,
Digital Banking,2020M02,2/21/2020,6,,7,9,7,7,5,7,7,7,CB ,Deposits,78114,59,
Digital Banking,2020M02,2/20/2020,7,,7,10,7,7,7,6,6,7,CB ,Loans,78258,63,
Digital Banking,2020M02,2/24/2020,5,,6,8,6,5,4,5,5,5,CB ,Deposits,79007,48,
Digital Banking,2020M02,2/13/2020,7,,7,10,7,7,7,7,7,7,CB ,Deposits,78249,71,
Digital Banking,2020M02,2/19/2020,6,,6,10,6,5,6,6,6,6,PB ,Deposits,78070,71,
Digital Banking,2020M02,2/20/2020,7,,5,8,6,6,4,5,5,7,CB ,Deposits,78216,36,
Digital Banking,2020M02,2/13/2020,2,,1,0,2,2,2,2,2,1,PB ,Deposits,78231,39,
Digital Banking,2020M02,2/13/2020,4,,3,3,7,7,7,1,1,7,CB ,Loans,78244,39,
Digital Banking,2020M02,2/13/2020,7,,7,10,7,6,7,7,6,7,CB ,Deposits,78624,73,
Digital Banking,2020M02,2/13/2020,7,,7,10,7,7,7,7,7,7,CB ,Deposits,78148,75,
Digital Banking,2020M02,2/13/2020,1,,4,5,6,6,6,1,1,7,CB ,Deposits,78214,28,
Digital Banking,2020M02,2/13/2020,6,,6,9,6,6,6,6,6,6,CB ,Deposits,78130,61,
Digital Banking,2020M02,2/25/2020,6,,5,7,5,4,6,6,5,7,CB ,Deposits,78260,71,
Digital Banking,2020M02,2/10/2020,5,,6,7,6,5,6,6,6,6,CB ,Deposits,23060,68,
Digital Banking,2020M02,2/13/2020,7,,7,9,7,7,7,7,7,7,CB ,Deposits,78233,67,
Digital Banking,2020M02,2/14/2020,2,,4,4,6,1,4,4,3,6,CB ,Deposits,78154,58,
Digital Banking,2020M02,2/14/2020,6,,4,7,6,4,5,3,5,6,CB ,Deposits,78644,69,
Digital Banking,2020M02,2/13/2020,7,,7,10,5,6,6,7,7,7,CB ,Loans,78629,54,
Digital Banking,2020M02,2/20/2020,6,,7,10,7,7,7,7,7,7,CB ,Deposits,76227,49,
Digital Banking,2020M02,2/21/2020,6,,7,10,7,6,6,7,7,7,CB ,Loans,78023,78,
Digital Banking,2020M02,2/20/2020,5,,6,8,6,5,6,6,6,6,CB ,Deposits,78130,56,
Digital Banking,2020M02,2/24/2020,7,,7,9,7,7,7,7,7,7,CB ,Deposits,78155,74,
Digital Banking,2020M02,2/10/2020,7,,7,10,6,6,7,6,7,7,CB ,Deposits,78239,68,
Digital Banking,2020M02,2/7/2020,6,,7,10,7,6,6,7,7,7,CB ,Loans,78233,77,
Digital Banking,2020M02,2/7/2020,6,,7,10,7,7,6,6,6,6,CB ,Deposits,78270,57,
Digital Banking,2020M02,2/8/2020,6,,7,10,7,7,7,7,7,7,CB ,Deposits,78052,75,
Digital Banking,2020M02,2/8/2020,7,,7,10,7,7,7,7,7,7,CB ,Deposits,78676,72,
Digital Banking,2020M02,2/9/2020,6,,6,9,6,6,4,5,6,7,CB ,Loans,78245,57,
Digital Banking,2020M03,3/9/2020,7,,7,10,7,7,7,7,7,7,CB ,Deposits,78217,80,
Digital Banking,2020M03,3/6/2020,6,,7,10,6,3,6,6,6,6,CB ,Deposits,78861,48,
Digital Banking,2020M03,3/9/2020,6,,6,7,7,5,6,6,6,6,BB ,Deposits,78260,61,
Digital Banking,2020M03,3/20/2020,7,,7,10,7,7,6,6,7,7,CB ,Deposits,78676,86,
Digital Banking,2020M03,3/12/2020,7,,7,10,7,7,7,7,7,7,CB ,Deposits,78006,65,
Digital Banking,2020M03,3/6/2020,7,,7,10,7,6,6,6,6,7,CB ,Deposits,78109,82,
Digital Banking,2020M03,3/12/2020,6,,7,10,7,6,7,7,4,7,CB ,Deposits,78148,79,
Digital Banking,2020M03,3/17/2020,7,,7,10,7,7,7,7,7,7,CB ,Deposits,78253,69,
Digital Banking,2020M03,3/18/2020,7,,7,10,7,6,6,7,7,7,CB ,Deposits,78009,80,
Digital Banking,2020M03,3/6/2020,7,,7,10,7,6,7,7,7,7,CB ,Loans,78070,62,
Digital Banking,2020M03,3/12/2020,6,,7,10,7,7,6,5,7,7,CB ,Deposits,78250,59,
Digital Banking,2020M03,3/13/2020,7,,7,10,7,7,6,7,7,7,CB ,Deposits,78132,38,
Digital Banking,2020M03,3/11/2020,4,,5,3,6,1,1,5,5,7,CB ,Deposits,78209,59,
Digital Banking,2020M03,3/6/2020,6,,6,9,6,7,5,6,7,7,CB ,Deposits,78259,67,
Digital Banking,2020M03,3/16/2020,6,,6,8,6,6,6,6,6,6,PB ,Loans,78746,71,
Digital Banking,2020M03,3/16/2020,6,,7,10,7,5,6,6,6,7,CB ,Deposits,78233,69,
Digital Banking,2020M03,3/16/2020,4,,6,7,3,3,6,6,6,7,CB ,Deposits,78209,70,
Digital Banking,2020M03,3/6/2020,6,,6,9,6,6,6,6,6,6,CB ,Deposits,78218,65,
Digital Banking,2020M03,3/6/2020,7,,7,10,7,7,7,7,7,7,CB ,Deposits,78250,71,
Digital Banking,2020M03,3/6/2020,5,,6,8,5,5,5,6,5,6,CB ,Deposits,78070,58,
Digital Banking,2020M03,3/10/2020,7,,7,10,7,7,7,7,7,7,CB ,Deposits,78239,70,
Digital Banking,2020M03,3/17/2020,7,,5,9,6,6,6,7,6,7,CB ,Deposits,78225,66,
Digital Banking,2020M03,3/16/2020,6,,7,10,7,4,4,4,6,7,CB ,Deposits,78245,76,
Digital Banking,2020M03,3/3/2020,7,,7,10,5,5,5,5,6,6,CB ,Deposits,78620,69,
Digital Banking,2020M03,3/5/2020,7,,7,10,7,7,7,7,7,7,CB ,Loans,78216,56,
Digital Banking,2020M03,3/3/2020,6,,7,10,7,7,7,7,7,7,BB ,Deposits,78606,58,
Digital Banking,2020M03,3/2/2020,6,,4,7,5,5,6,5,5,5,CB ,Deposits,78247,92,
Digital Banking,2020M03,3/5/2020,1,,4,0,1,4,4,4,5,6,CB ,Deposits,78238,40,
Digital Banking,2020M03,3/9/2020,6,,7,9,7,6,6,6,6,6,CB ,Deposits,78154,78,
Digital Banking,2020M03,3/5/2020,7,,7,10,6,6,6,6,6,6,CB ,Loans,78124,67,
Digital Banking,2020M03,3/6/2020,7,,6,10,7,7,7,7,7,7,CB ,Loans,78239,67,
Digital Banking,2020M03,3/5/2020,7,,7,10,7,7,7,7,7,7,CB ,Deposits,78238,55,
Digital Banking,2020M03,3/5/2020,7,,7,10,7,7,7,7,7,7,CB ,Deposits,78253,46,
Digital Banking,2020M03,3/14/2020,7,,7,10,7,7,4,7,7,7,CB ,Deposits,78028,55,
Digital Banking,2020M03,3/4/2020,6,,7,10,5,5,5,7,6,6,CB ,Deposits,78232,81,
Digital Banking,2020M03,3/7/2020,7,,7,10,7,7,7,7,7,7,CB ,Deposits,78249,82,
Digital Banking,2020M03,3/8/2020,5,,7,9,6,6,7,6,6,6,CB ,Deposits,78154,62,
Digital Banking,2020M03,3/9/2020,6,,6,9,5,5,6,6,6,6,PB ,Deposits,78064,66,
Digital Banking,2020M03,3/12/2020,6,,7,10,5,7,6,6,6,6,CB ,Deposits,78613,72,
Digital Banking,2020M03,3/5/2020,7,,7,10,7,7,7,7,7,7,BB ,Deposits,78209,81,
Digital Banking,2020M03,3/3/2020,5,,7,9,7,7,7,7,7,7,CB ,Deposits,78039,49,
Digital Banking,2020M03,3/11/2020,5,,6,9,5,5,5,5,5,6,CB ,Deposits,78231,77,
Digital Banking,2020M03,3/4/2020,7,,7,10,7,7,7,7,7,7,CB ,Deposits,78217,70,
Digital Banking,2020M03,3/20/2020,7,,7,10,7,6,6,6,6,7,CB ,Loans,78559,77,
Digital Banking,2020M03,3/20/2020,5,,6,9,7,7,6,5,6,7,CB ,Deposits,78631,29,
Digital Banking,2020M03,3/20/2020,5,,5,7,5,5,5,6,4,7,CB ,Deposits,78209,60,
Digital Banking,2020M03,3/10/2020,7,,7,10,7,7,7,7,7,7,CB ,Loans,78124,72,
Digital Banking,2020M03,3/22/2020,6,,6,9,6,7,7,6,7,7,CB ,Deposits,78238,46,
Digital Banking,2020M03,3/25/2020,5,,6,10,7,6,6,6,6,7,CB ,Deposits,78218,64,
Digital Banking,2020M03,3/27/2020,5,,6,9,6,5,6,5,6,7,CB ,Deposits,78232,73,
Digital Banking,2020M03,3/25/2020,7,,7,10,7,7,6,6,6,7,CB ,Deposits,78244,65,
Digital Banking,2020M03,3/25/2020,6,,5,8,6,4,4,5,5,5,CB ,Deposits,78248,71,
Digital Banking,2020M03,3/27/2020,7,,7,10,7,7,7,7,7,7,PB ,Deposits,78132,71,
Digital Banking,2020M03,3/26/2020,6,,6,9,6,6,6,6,6,6,CB ,Deposits,78029,49,
Digital Banking,2020M03,3/25/2020,5,,6,8,5,5,3,4,5,6,CB ,Deposits,78676,50,
Digital Banking,2020M03,3/5/2020,7,,7,10,7,7,7,7,7,7,CB ,Deposits,78242,62,
Digital Banking,2020M03,3/27/2020,7,,7,9,7,7,6,6,7,7,CB ,Deposits,78230,75,
Digital Banking,2020M03,3/27/2020,6,,7,10,6,7,6,6,7,7,CB ,Deposits,78209,67,
Digital Banking,2020M03,3/28/2020,7,,7,10,7,7,7,7,7,7,CB ,Deposits,78606,44,
Digital Banking,2020M03,3/17/2020,7,,7,10,7,7,7,7,7,7,PB ,Deposits,78738,72,
Digital Banking,2020M03,3/23/2020,6,,7,9,6,6,7,7,7,7,BB ,Deposits,78232,71,
Digital Banking,2020M03,3/24/2020,7,,7,10,7,7,7,6,6,7,CB ,Deposits,78028,57,
Digital Banking,2020M03,3/24/2020,7,,7,10,7,6,7,6,6,7,CB ,Deposits,78217,71,
Digital Banking,2020M03,3/24/2020,7,,7,10,7,7,7,6,7,7,CB ,Loans,78015,72,
Digital Banking,2020M03,3/24/2020,7,,7,10,7,7,7,7,7,7,CB ,Deposits,78219,73,
Digital Banking,2020M03,3/12/2020,7,,4,8,7,7,7,7,7,7,BB ,Deposits,78114,63,
Digital Banking,2020M03,3/12/2020,7,,7,10,7,7,7,7,7,7,CB ,Deposits,78006,69,
Digital Banking,2020M03,3/12/2020,7,,7,10,7,7,7,7,7,7,CB ,Deposits,78213,77,
Digital Banking,2020M03,3/13/2020,7,,7,10,6,6,6,6,7,7,BB ,Deposits,78208,69,
Digital Banking,2020M03,3/13/2020,7,,7,10,7,7,7,6,7,7,CB ,Deposits,78633,80,
Digital Banking,2020M03,3/4/2020,6,,6,9,6,6,6,6,6,6,CB ,Deposits,78229,62,
Digital Banking,2020M03,3/4/2020,6,,6,9,7,7,7,7,7,7,CB ,Deposits,78245,52,
Digital Banking,2020M03,3/24/2020,5,,7,10,5,6,7,5,6,6,CB ,Deposits,78070,71,
Digital Banking,2020M03,3/25/2020,7,,5,9,7,7,7,5,7,7,CB ,Deposits,78655,45,
Digital Banking,2020M03,3/25/2020,7,,7,10,7,7,7,7,7,7,CB ,Deposits,78861,56,
Digital Banking,2020M03,3/18/2020,5,,6,8,6,6,5,5,6,6,PB ,Deposits,78212,60,
Digital Banking,2020M03,3/14/2020,7,,7,10,7,7,7,7,7,7,CB ,Loans,78009,56,
Digital Banking,2020M03,3/24/2020,5,,5,8,3,3,3,3,4,4,BB ,Deposits,78255,79,
Digital Banking,2020M03,3/24/2020,7,,7,10,7,7,7,7,7,7,CB ,Deposits,78247,72,
Digital Banking,2020M03,3/13/2020,7,,7,10,7,7,7,7,7,7,CB ,Deposits,78255,69,
Digital Banking,2020M03,3/24/2020,7,,7,10,7,7,7,7,6,7,PB ,Deposits,78212,48,
Digital Banking,2020M03,3/23/2020,2,,3,2,4,5,6,1,2,4,CB ,Deposits,78232,80,
Digital Banking,2020M03,3/16/2020,6,,6,8,5,5,5,5,6,6,CB ,Loans,78250,56,
Digital Banking,2020M03,3/18/2020,7,,7,6,5,7,7,7,7,7,CB ,Deposits,78232,66,
Digital Banking,2020M03,3/18/2020,7,,7,10,7,7,7,7,7,7,CB ,Deposits,78215,64,
Digital Banking,2020M03,3/18/2020,6,,6,9,7,6,6,6,6,7,CB ,Deposits,78148,81,
Digital Banking,2020M03,3/27/2020,7,,7,10,7,7,7,6,7,7,CB ,Deposits,47135,62,
Digital Banking,2020M04,4/3/2020,7,,7,10,7,7,7,7,7,7,CB ,Deposits,78006,72,
Digital Banking,2020M04,4/3/2020,7,,7,10,7,6,6,6,6,7,PB ,Deposits,78258,43,
Digital Banking,2020M04,4/3/2020,5,,5,9,5,5,5,6,7,7,CB ,Deposits,78731,63,
Digital Banking,2020M04,4/4/2020,6,,7,10,6,6,6,6,6,6,CB ,Loans,78624,68,
Digital Banking,2020M04,4/6/2020,2,,5,5,7,6,5,7,7,7,CB ,Deposits,78163,21,
Digital Banking,2020M04,4/6/2020,7,,7,10,7,7,7,7,7,7,CB ,Deposits,78220,47,
Digital Banking,2020M04,4/7/2020,5,,5,6,5,4,5,6,6,7,CB ,Loans,78160,59,
Digital Banking,2020M04,4/6/2020,7,,7,10,7,7,7,7,7,7,CB ,Loans,78140,60,
Digital Banking,2020M04,4/6/2020,7,,7,10,7,7,7,7,7,7,CB ,Deposits,78636,69,
Digital Banking,2020M04,4/6/2020,7,,7,10,7,7,7,7,7,7,CB ,Loans,97738,74,
Digital Banking,2020M04,4/6/2020,7,,7,10,7,7,7,7,7,7,CB ,Deposits,78242,37,
Digital Banking,2020M04,4/6/2020,5,,5,7,6,3,7,6,5,5,CB ,Deposits,78624,82,
Digital Banking,2020M04,4/8/2020,6,,7,8,7,6,7,6,7,6,PB ,Loans,78239,80,
Digital Banking,2020M04,4/8/2020,7,,7,9,7,7,7,7,7,7,CB ,Deposits,78233,79,
Digital Banking,2020M04,4/7/2020,5,,7,10,6,3,5,6,5,6,CB ,Deposits,78002,79,
Digital Banking,2020M04,4/7/2020,7,,7,10,7,7,7,5,5,7,PB ,Deposits,78731,59,
Digital Banking,2020M04,4/9/2020,6,,7,9,7,7,6,6,6,7,CB ,Deposits,78239,88,
Digital Banking,2020M04,4/7/2020,7,,7,10,7,7,7,7,7,7,PB ,Deposits,78248,74,
Digital Banking,2020M04,4/7/2020,6,,7,9,6,6,7,7,6,6,CB ,Deposits,78886,60,
Digital Banking,2020M04,4/8/2020,7,,7,10,7,7,7,7,7,7,CB ,Loans,78025,52,
Digital Banking,2020M04,4/7/2020,7,,7,10,6,6,6,7,7,7,CB ,Deposits,78217,70,
Digital Banking,2020M04,4/7/2020,7,,7,10,7,7,5,5,7,7,CB ,Loans,78666,70,
Digital Banking,2020M04,4/8/2020,3,,5,6,2,1,3,3,3,2,CB ,Deposits,78247,72,
Digital Banking,2020M04,4/9/2020,7,,7,10,6,6,6,6,7,7,CB ,Deposits,78132,72,
Digital Banking,2020M04,4/9/2020,7,,7,10,6,7,7,6,7,7,CB ,Deposits,78620,64,
Digital Banking,2020M04,4/11/2020,7,,7,10,7,7,7,7,7,7,CB ,Deposits,78861,66,
Digital Banking,2020M04,4/10/2020,7,,7,10,7,7,7,7,7,7,CB ,Deposits,78239,67,
Digital Banking,2020M04,4/17/2020,5,,5,9,6,4,3,5,6,6,CB ,Deposits,78240,76,
Digital Banking,2020M04,4/13/2020,5,,7,10,7,6,5,6,7,7,CB ,Deposits,78242,56,
Digital Banking,2020M04,4/16/2020,4,,5,5,4,4,5,4,4,6,CB ,Deposits,78148,21,
Digital Banking,2020M04,4/14/2020,1,,2,0,1,1,1,1,1,1,CB ,Loans,78730,52,
Digital Banking,2020M04,4/16/2020,7,,7,10,7,7,7,7,7,7,CB ,Deposits,78610,53,
Digital Banking,2020M04,4/14/2020,6,,6,8,6,5,5,6,6,6,CB ,Deposits,78220,32,
Digital Banking,2020M04,4/13/2020,7,,7,10,7,7,7,7,7,7,CB ,Deposits,96734,57,
Digital Banking,2020M04,4/17/2020,6,,7,10,7,7,7,7,7,7,CB ,Deposits,78230,50,
Digital Banking,2020M04,4/13/2020,7,,7,10,6,6,6,6,7,7,BB ,Deposits,78249,73,
Digital Banking,2020M04,4/13/2020,7,,7,10,7,6,6,6,6,7,CB ,Deposits,78209,63,
Digital Banking,2020M04,4/16/2020,1,,3,2,5,4,5,2,2,5,CB ,Loans,78213,53,
Digital Banking,2020M04,4/16/2020,7,,7,10,7,7,6,7,7,7,CB ,Deposits,78163,66,
Digital Banking,2020M04,4/16/2020,7,,7,10,7,7,7,7,7,7,CB ,Deposits,78247,68,
Digital Banking,2020M04,4/13/2020,7,,7,10,7,7,7,7,7,7,CB ,Deposits,78232,67,
Digital Banking,2020M04,4/13/2020,7,,7,10,7,7,7,7,7,7,CB ,Deposits,78003,52,
Digital Banking,2020M04,4/14/2020,7,,7,10,7,7,7,7,7,7,CB ,Deposits,78258,57,
Digital Banking,2020M04,4/14/2020,7,,7,10,7,7,7,7,7,7,CB ,Deposits,78212,75,
Digital Banking,2020M04,4/16/2020,6,,7,9,6,6,4,6,6,6,PB ,Deposits,78230,39,
Digital Banking,2020M04,4/14/2020,7,,7,10,6,7,6,6,7,7,CB ,Deposits,78676,62,
Digital Banking,2020M04,4/14/2020,6,,7,10,7,7,6,7,7,7,CB ,Deposits,78676,63,
Digital Banking,2020M04,4/16/2020,7,,7,10,7,7,7,7,7,7,CB ,Deposits,78217,73,
Digital Banking,2020M04,4/16/2020,7,,7,10,7,7,7,7,7,7,CB ,Loans,78233,72,
Digital Banking,2020M04,4/16/2020,6,,7,10,6,6,7,6,7,7,CB ,Deposits,78130,64,
Digital Banking,2020M04,4/15/2020,4,,6,10,5,4,6,6,5,6,CB ,Loans,78163,66,
Digital Banking,2020M04,4/15/2020,3,,6,8,6,3,5,3,6,6,CB ,Deposits,78133,49,
Digital Banking,2020M04,4/15/2020,7,,7,9,7,7,7,6,7,7,CB ,Deposits,78130,75,
Digital Banking,2020M04,4/15/2020,7,,7,10,7,7,7,7,7,7,PB ,Loans,78006,70,
Digital Banking,2020M04,4/17/2020,6,,7,10,7,7,5,6,6,6,CB ,Deposits,78217,67,
Digital Banking,2020M04,4/17/2020,7,,7,10,7,7,7,4,5,7,CB ,Deposits,78015,72,
Digital Banking,2020M04,4/16/2020,7,,7,10,7,7,7,7,7,7,CB ,Deposits,78640,72,
Digital Banking,2020M04,4/16/2020,7,,7,10,7,7,7,7,7,7,CB ,Deposits,78624,71,
Digital Banking,2020M04,4/16/2020,7,,7,10,6,7,7,7,7,7,CB ,Deposits,78006,78,
Digital Banking,2020M04,4/16/2020,6,,7,10,6,6,6,6,6,7,CB ,Deposits,78063,72,
Digital Banking,2020M04,4/16/2020,7,,7,10,5,5,5,7,7,7,CB ,Deposits,78216,80,
Digital Banking,2020M04,4/21/2020,6,,6,10,5,5,3,6,6,6,CB ,Deposits,78233,71,
Digital Banking,2020M04,4/20/2020,6,,7,10,6,6,3,6,6,6,CB ,Deposits,78248,63,
Digital Banking,2020M04,4/21/2020,7,,7,10,7,7,7,6,7,7,CB ,Deposits,78244,60,
Digital Banking,2020M04,4/26/2020,7,,7,5,7,7,6,7,7,7,BB ,Deposits,78602,62,
Digital Banking,2020M04,4/22/2020,7,,7,10,7,7,7,7,7,7,CB ,Loans,78218,65,
Digital Banking,2020M04,4/21/2020,7,,7,10,7,7,7,5,7,7,PB ,Loans,78209,52,
Digital Banking,2020M04,4/21/2020,1,,3,2,4,1,3,2,3,5,CB ,Deposits,78109,19,
Digital Banking,2020M04,4/21/2020,7,,7,10,7,7,7,7,7,7,CB ,Deposits,95961,21,
Digital Banking,2020M04,4/22/2020,6,,6,9,7,6,1,7,6,6,CB ,Deposits,78233,79,
Digital Banking,2020M04,4/23/2020,5,,5,6,5,5,5,5,5,5,CB ,Deposits,78229,68,
Digital Banking,2020M04,4/23/2020,4,,4,5,5,5,5,3,5,5,PB ,Loans,78212,68,
Digital Banking,2020M04,4/24/2020,5,,7,10,6,5,7,6,6,6,CB ,Deposits,78247,55,
Digital Banking,2020M04,4/23/2020,7,,7,10,7,7,5,5,7,7,CB ,Deposits,78217,19,
Digital Banking,2020M04,4/27/2020,7,,6,6,5,5,4,4,5,5,CB ,Loans,78260,65,
Digital Banking,2020M04,4/28/2020,7,,7,10,7,7,7,7,7,7,CB ,Deposits,78028,62,
Digital Banking,2020M04,4/27/2020,7,,4,5,1,4,1,1,1,1,CB ,Deposits,78232,43,
Digital Banking,2020M04,4/28/2020,1,,2,1,1,1,2,1,1,2,PB ,Deposits,78212,81,
Digital Banking,2020M04,4/28/2020,6,,6,8,6,6,6,5,6,7,CB ,Deposits,78218,65,
Digital Banking,2020M05,5/1/2020,7,,7,10,7,7,7,7,7,7,CB ,Deposits,78624,52,
Digital Banking,2020M05,5/1/2020,7,,7,10,6,6,7,6,6,6,PB ,Loans,78132,59,
Digital Banking,2020M05,5/1/2020,7,,7,10,7,7,7,7,7,7,CB ,Deposits,31405,64,
Digital Banking,2020M05,5/1/2020,7,,7,10,7,7,7,7,7,7,CB ,Deposits,78006,68,
Digital Banking,2020M05,5/5/2020,7,,7,10,7,7,7,6,7,7,CB ,Deposits,78148,78,
Digital Banking,2020M05,5/5/2020,7,,7,10,7,7,7,7,7,7,CB ,Deposits,78154,84,
Digital Banking,2020M05,5/5/2020,7,,7,10,7,6,7,7,7,7,CB ,Deposits,78217,75,
Digital Banking,2020M05,5/5/2020,7,,7,10,6,6,7,6,6,6,CB ,Deposits,78232,84,
Digital Banking,2020M05,5/6/2020,7,,7,10,7,7,7,7,7,7,CB ,Loans,78201,74,
Digital Banking,2020M05,5/7/2020,7,,7,10,7,7,7,7,7,7,CB ,Deposits,76849,70,
Digital Banking,2020M05,5/6/2020,4,,5,9,7,5,7,6,5,7,PB ,Deposits,78240,92,
Digital Banking,2020M05,5/6/2020,7,,7,10,7,5,7,5,6,7,CB ,Deposits,78258,58,
Digital Banking,2020M05,5/6/2020,6,,7,10,7,7,5,5,7,7,CB ,Loans,78218,70,
Digital Banking,2020M05,5/5/2020,3,,2,1,3,1,2,4,3,4,CB ,Deposits,78258,44,
Digital Banking,2020M05,5/6/2020,7,,7,10,7,7,6,7,7,7,CB ,Deposits,78861,66,
Digital Banking,2020M05,5/6/2020,6,,5,6,7,4,6,6,6,6,CB ,Deposits,78247,59,
Digital Banking,2020M05,5/7/2020,7,,7,10,7,6,7,7,7,7,CB ,Deposits,78006,76,
Digital Banking,2020M05,5/8/2020,6,,6,8,6,6,6,4,6,7,CB ,Loans,78238,67,
Digital Banking,2020M05,5/7/2020,2,,1,0,1,1,1,1,1,5,PB ,Loans,78249,61,
Digital Banking,2020M05,5/8/2020,6,,6,10,6,5,5,6,6,6,PB ,Deposits,78209,69,
Digital Banking,2020M05,5/7/2020,6,,6,5,6,4,4,5,6,7,CB ,Deposits,78624,56,
Digital Banking,2020M05,5/10/2020,7,,6,10,7,7,7,6,6,6,CB ,Deposits,78154,66,
Digital Banking,2020M05,5/9/2020,7,,7,10,7,7,7,7,7,7,CB ,Deposits,78861,26,
Digital Banking,2020M05,5/8/2020,4,,6,7,7,6,6,5,6,7,CB ,Deposits,78132,62,
Digital Banking,2020M05,5/12/2020,5,,4,5,5,3,4,4,4,4,CB ,Deposits,78028,72,
Digital Banking,2020M05,5/11/2020,7,,7,10,7,7,4,4,7,7,CB ,Deposits,78133,81,
Digital Banking,2020M05,5/11/2020,7,,7,10,7,6,7,7,7,7,CB ,Deposits,78109,60,
Digital Banking,2020M05,5/12/2020,7,,7,10,7,7,7,7,7,7,CB ,Deposits,78218,76,
Digital Banking,2020M05,5/11/2020,7,,7,10,7,7,7,7,7,7,CB ,Deposits,78133,78,
Digital Banking,2020M05,5/11/2020,7,,7,10,7,7,7,7,7,7,CB ,Deposits,78130,73,
Digital Banking,2020M05,5/12/2020,6,,7,10,7,6,6,7,7,7,CB ,Deposits,78108,55,
Digital Banking,2020M05,5/12/2020,7,,7,10,7,7,5,7,7,7,PB ,Deposits,75033,47,
Digital Banking,2020M05,5/12/2020,4,,6,7,5,5,5,5,5,5,CB ,Deposits,78266,78,
Digital Banking,2020M05,5/12/2020,5,,5,6,4,5,2,4,5,5,CB ,Deposits,78056,75,
Digital Banking,2020M05,5/13/2020,7,,7,10,7,7,7,7,7,7,CB ,Deposits,78108,76,
Digital Banking,2020M05,5/14/2020,5,,5,6,5,5,5,5,6,5,CB ,Deposits,78227,89,
Digital Banking,2020M05,5/15/2020,4,,4,9,7,5,7,3,7,7,CB ,Deposits,78006,53,
Digital Banking,2020M05,5/13/2020,7,,7,10,1,6,6,6,7,7,CB ,Deposits,78070,63,
Digital Banking,2020M05,5/13/2020,7,,7,8,7,7,7,7,7,7,CB ,Deposits,78624,69,
Digital Banking,2020M05,5/14/2020,7,,7,10,7,7,7,7,7,7,CB ,Deposits,78239,77,
Digital Banking,2020M05,5/14/2020,7,,7,10,7,7,7,7,7,7,CB ,Deposits,78155,62,
Digital Banking,2020M05,5/14/2020,7,,7,10,7,7,7,7,7,7,CB ,Deposits,78260,54,
Digital Banking,2020M05,5/16/2020,7,,7,0,7,7,7,7,7,7,CB ,Deposits,64119,57,
Digital Banking,2020M05,5/15/2020,7,,7,10,7,7,7,7,7,7,CB ,Loans,78154,58,
Digital Banking,2020M05,5/15/2020,4,,6,9,4,4,4,3,4,6,CB ,Loans,78216,72,
Digital Banking,2020M05,5/15/2020,7,,7,10,7,7,7,7,7,7,CB ,Deposits,78028,71,
Digital Banking,2020M05,5/15/2020,5,,7,10,7,7,7,5,7,7,CB ,Deposits,78016,67,
Digital Banking,2020M05,5/15/2020,7,,7,10,7,7,7,7,7,7,CB ,Deposits,30039,48,
Digital Banking,2020M05,5/19/2020,4,,4,7,3,3,6,4,3,7,BB ,Deposits,78218,66,
Digital Banking,2020M05,5/19/2020,7,,7,10,7,7,7,7,7,7,CB ,Deposits,78155,70,
Digital Banking,2020M05,5/19/2020,5,,7,10,7,5,5,5,5,7,CB ,Deposits,78253,32,
Digital Banking,2020M05,5/19/2020,5,,7,9,7,7,6,6,5,6,CB ,Deposits,33615,71,
Digital Banking,2020M05,5/21/2020,6,,6,7,5,7,7,7,7,7,CB ,Deposits,78260,62,
Digital Banking,2020M05,5/21/2020,7,,7,10,7,7,7,7,7,7,CB ,Deposits,78259,69,
Digital Banking,2020M05,5/20/2020,3,,7,10,3,3,6,6,7,7,CB ,Deposits,78640,79,
Digital Banking,2020M05,5/21/2020,6,,6,7,6,6,6,6,6,6,CB ,Deposits,78232,69,
Digital Banking,2020M05,5/22/2020,6,,7,10,6,5,5,6,6,7,CB ,Deposits,78676,74,
Digital Banking,2020M05,5/20/2020,4,,6,9,6,5,6,6,6,7,CB ,Deposits,78624,67,
Digital Banking,2020M05,5/20/2020,7,,7,10,7,7,7,7,7,7,CB ,Deposits,77399,66,
Digital Banking,2020M05,5/20/2020,7,,7,10,7,7,6,7,7,7,BB ,Loans,78006,51,
Digital Banking,2020M05,5/22/2020,6,,6,10,6,6,6,7,7,7,CB ,Deposits,78727,79,
Digital Banking,2020M05,5/21/2020,7,,7,10,7,7,7,4,5,7,CB ,Deposits,78010,35,
Digital Banking,2020M05,5/22/2020,7,,6,8,7,7,7,7,7,7,CB ,Deposits,78260,39,
Digital Banking,2020M05,5/21/2020,7,,7,10,7,7,7,7,7,7,CB ,Deposits,78070,58,
Digital Banking,2020M05,5/21/2020,7,,7,10,7,7,7,7,7,7,CB ,Deposits,37416,62,
Digital Banking,2020M05,5/23/2020,5,,6,9,7,7,7,7,7,7,CB ,Loans,78249,61,
Digital Banking,2020M05,5/22/2020,7,,7,9,7,7,7,6,6,7,CB ,Deposits,78249,52,
Digital Banking,2020M05,5/26/2020,7,,7,10,7,7,6,7,7,7,CB ,Deposits,78232,69,
Digital Banking,2020M05,5/24/2020,6,,7,10,7,6,6,6,6,6,CB ,Deposits,78218,73,
Digital Banking,2020M05,5/26/2020,5,,6,8,6,6,6,6,6,6,CB ,Deposits,78624,68,
Digital Banking,2020M05,5/26/2020,6,,7,10,6,6,6,7,6,6,CB ,Deposits,78209,70,
Digital Banking,2020M05,5/26/2020,6,,7,10,7,6,6,6,7,5,CB ,Deposits,78257,72,
Digital Banking,2020M05,5/26/2020,6,,6,6,6,6,6,5,6,6,CB ,Deposits,78232,68,
Digital Banking,2020M05,5/28/2020,7,,7,10,7,7,7,7,7,7,CB ,Loans,78247,55,
Digital Banking,2020M05,5/28/2020,7,,7,9,7,6,6,6,7,7,CB ,Deposits,78209,93,
Digital Banking,2020M05,5/28/2020,1,,6,10,4,1,1,1,1,4,CB ,Deposits,78237,69,
Digital Banking,2020M05,5/29/2020,7,,7,10,7,7,7,7,7,7,CB ,Deposits,78133,66,
Digital Banking,2020M05,5/28/2020,7,,7,10,7,7,7,7,7,7,CB ,Loans,78640,46,
Digital Banking,2020M06,6/1/2020,4,,7,5,4,5,4,4,4,1,CB ,Deposits,78108,48,
Digital Banking,2020M06,6/2/2020,7,,7,10,5,5,5,5,7,7,CB ,Deposits,78225,59,
Digital Banking,2020M06,6/1/2020,6,,6,8,6,6,6,6,6,6,CB ,Deposits,78640,68,
Digital Banking,2020M06,6/3/2020,4,,6,5,4,4,6,2,3,5,CB ,Deposits,78209,72,
Digital Banking,2020M06,6/3/2020,6,,7,10,6,5,6,5,5,5,CB ,Deposits,78739,64,
Digital Banking,2020M06,6/4/2020,7,,7,10,7,7,7,7,7,7,CB ,Deposits,78217,84,
Digital Banking,2020M06,6/4/2020,7,,7,10,7,7,7,6,7,7,CB ,Deposits,78624,72,
Digital Banking,2020M06,6/4/2020,6,,6,8,6,6,2,3,6,3,CB ,Deposits,32082,75,
Digital Banking,2020M06,6/2/2020,5,,6,9,6,5,6,4,5,6,PB ,Deposits,78676,68,
Digital Banking,2020M06,6/2/2020,7,,6,9,7,4,7,7,7,7,CB ,Deposits,78255,58,
Digital Banking,2020M06,6/2/2020,7,,7,10,7,7,7,7,7,7,CB ,Loans,78108,59,
Digital Banking,2020M06,6/2/2020,5,,7,10,4,5,5,6,5,7,CB ,Deposits,78163,57,
Digital Banking,2020M06,6/4/2020,7,,6,7,6,6,5,7,7,6,CB ,Deposits,78217,55,
Digital Banking,2020M06,6/3/2020,6,,7,10,7,6,6,7,5,7,CB ,Deposits,78232,53,
Digital Banking,2020M06,6/3/2020,7,,7,10,7,7,7,7,7,7,CB ,Deposits,78233,64,
Digital Banking,2020M06,6/5/2020,7,,7,10,7,7,7,7,7,7,CB ,Deposits,78640,57,
Digital Banking,2020M06,6/4/2020,7,,7,10,7,7,7,5,6,7,PB ,Deposits,78212,75,
Digital Banking,2020M06,6/4/2020,7,,7,10,7,7,7,7,7,7,CB ,Deposits,78231,70,
Digital Banking,2020M06,6/5/2020,7,,6,0,7,7,3,7,6,7,CB ,Deposits,78239,66,
Digital Banking,2020M06,6/5/2020,4,,4,4,3,6,5,6,7,7,CB ,Deposits,78722,38,
Digital Banking,2020M06,6/5/2020,5,,5,5,6,5,4,6,6,6,CB ,Deposits,78248,34,
Digital Banking,2020M06,6/6/2020,6,,6,9,7,4,6,6,4,7,CB ,Deposits,78216,41,
Digital Banking,2020M06,6/5/2020,6,,6,10,6,6,6,6,6,6,CB ,Deposits,78231,72,
Digital Banking,2020M06,6/8/2020,6,,7,8,7,7,6,7,7,7,CB ,Deposits,78234,19,
Digital Banking,2020M06,6/8/2020,7,,7,10,7,7,7,7,7,7,CB ,Deposits,78676,68,
Digital Banking,2020M06,6/10/2020,7,,7,10,5,6,4,4,6,7,BB ,Deposits,78070,63,
Digital Banking,2020M06,6/9/2020,7,,7,10,6,6,6,6,7,7,BB ,Deposits,78133,62,
Digital Banking,2020M06,6/9/2020,5,,6,9,6,6,5,7,6,6,CB ,Deposits,78132,77,
Digital Banking,2020M06,6/10/2020,5,,5,5,5,6,5,6,6,6,CB ,Deposits,78255,51,
Digital Banking,2020M06,6/10/2020,7,,7,10,7,7,7,7,7,7,CB ,Deposits,78606,71,
Digital Banking,2020M06,6/11/2020,6,,7,9,7,6,6,6,7,7,CB ,Deposits,78259,87,
Digital Banking,2020M06,6/12/2020,7,,6,10,7,5,7,6,6,6,CB ,Deposits,78252,73,
Digital Banking,2020M06,6/11/2020,6,,7,10,7,7,7,7,7,7,CB ,Deposits,78266,65,
Digital Banking,2020M06,6/11/2020,5,,6,9,7,3,5,6,5,7,CB ,Deposits,78232,55,
Digital Banking,2020M06,6/11/2020,6,,7,10,7,7,6,7,7,1,CB ,Deposits,78163,67,
Digital Banking,2020M06,6/13/2020,7,,7,10,7,7,7,7,7,7,CB ,Deposits,78070,55,
Digital Banking,2020M06,6/13/2020,7,,7,10,7,7,7,7,7,7,CB ,Deposits,78258,77,
Digital Banking,2020M06,6/14/2020,7,,7,10,7,7,7,7,7,7,CB ,Deposits,78217,69,
Digital Banking,2020M06,6/12/2020,7,,7,10,7,7,7,7,7,7,CB ,Loans,78070,68,
Digital Banking,2020M06,6/13/2020,6,,7,8,7,7,7,7,7,7,PB ,Loans,78209,24,
Digital Banking,2020M06,6/13/2020,5,,5,5,6,5,5,6,5,7,CB ,Deposits,78232,52,
Digital Banking,2020M06,6/12/2020,5,,6,9,5,5,4,6,5,6,CB ,Deposits,78258,61,
Digital Banking,2020M06,6/16/2020,7,,7,10,7,7,6,7,7,7,BB ,Deposits,78245,64,
Digital Banking,2020M06,6/15/2020,7,,7,10,7,7,5,6,7,7,CB ,Deposits,78255,62,
Digital Banking,2020M06,6/15/2020,6,,7,10,6,5,6,6,6,7,CB ,Deposits,78228,73,
Digital Banking,2020M06,6/16/2020,7,,7,10,7,7,7,7,7,7,CB ,Loans,78261,52,
Digital Banking,2020M06,6/16/2020,7,,7,10,7,7,7,7,7,7,CB ,Deposits,78006,71,
Digital Banking,2020M06,6/18/2020,6,,5,8,6,6,6,5,7,7,CB ,Deposits,78248,52,
Digital Banking,2020M06,6/16/2020,7,,7,10,7,7,7,5,7,7,CB ,Deposits,78209,65,
Digital Banking,2020M06,6/17/2020,7,,7,10,7,7,7,7,7,7,CB ,Deposits,78861,76,
Digital Banking,2020M06,6/17/2020,4,,5,6,5,4,5,2,4,4,CB ,Deposits,78209,68,
Digital Banking,2020M06,6/18/2020,6,,7,10,6,6,6,7,7,7,CB ,Deposits,78218,70,
Digital Banking,2020M06,6/17/2020,5,,5,7,6,4,6,2,4,6,CB ,Deposits,78016,42,
Digital Banking,2020M06,6/17/2020,7,,7,10,7,7,6,7,7,7,CB ,Deposits,78015,67,
Digital Banking,2020M06,6/19/2020,7,,7,10,7,7,6,7,7,7,CB ,Deposits,78248,66,
Digital Banking,2020M06,6/19/2020,7,,7,10,6,6,6,6,7,7,CB ,Deposits,78023,54,
Digital Banking,2020M06,6/18/2020,7,,7,10,7,7,7,3,7,7,CB ,Deposits,78247,60,
Digital Banking,2020M06,6/18/2020,7,,7,10,7,7,7,7,7,7,CB ,Deposits,78258,73,
Digital Banking,2020M06,6/22/2020,6,,6,7,6,6,6,6,6,6,CB ,Deposits,78028,58,
Digital Banking,2020M06,6/20/2020,7,,7,10,7,7,7,7,7,7,CB ,Loans,78248,61,
Digital Banking,2020M06,6/19/2020,7,,7,10,7,7,7,7,7,7,CB ,Deposits,78010,41,
Digital Banking,2020M06,6/22/2020,4,,5,8,5,5,1,5,5,5,CB ,Deposits,78247,70,
Digital Banking,2020M06,6/22/2020,7,,7,10,7,7,7,7,7,7,CB ,Deposits,78233,85,
Digital Banking,2020M06,6/23/2020,7,,7,10,7,6,7,7,7,7,CB ,Deposits,78247,66,
Digital Banking,2020M06,6/24/2020,7,,7,10,7,7,7,6,6,7,PB ,Loans,78210,72,
Digital Banking,2020M06,6/23/2020,6,,5,8,4,5,4,6,6,6,CB ,Deposits,78070,68,
Digital Banking,2020M06,6/24/2020,7,,7,10,7,7,7,7,7,7,CB ,Deposits,78154,69,
Digital Banking,2020M06,6/23/2020,4,,4,7,5,6,3,5,5,6,CB ,Deposits,78260,66,
Digital Banking,2020M06,6/23/2020,7,,7,10,7,7,7,7,7,7,CB ,Deposits,78258,75,
Digital Banking,2020M06,6/24/2020,6,,7,9,6,6,5,6,6,6,CB ,Deposits,78070,63,
Digital Banking,2020M06,6/24/2020,6,,6,9,6,6,5,5,5,6,CB ,Deposits,78850,44,
Digital Banking,2020M06,6/24/2020,7,,7,10,7,7,7,7,7,7,CB ,Loans,78063,80,
Digital Banking,2020M06,6/24/2020,6,,7,9,7,4,6,6,6,7,CB ,Deposits,78748,66,
Digital Banking,2020M06,6/24/2020,6,,7,10,7,7,7,7,7,7,CB ,Loans,75703,66,
Digital Banking,2020M06,6/25/2020,7,,6,10,7,7,7,6,7,7,CB ,Deposits,78620,86,
Digital Banking,2020M06,6/25/2020,7,,7,10,7,7,7,7,7,7,CB ,Deposits,78861,66,
Digital Banking,2020M06,6/24/2020,7,,7,10,7,7,7,7,7,7,CB ,Deposits,78070,78,
Digital Banking,2020M06,6/24/2020,6,,5,4,6,6,6,6,6,6,CB ,Deposits,78006,59,
Digital Banking,2020M06,6/25/2020,4,,6,9,7,6,6,4,4,6,PB ,Deposits,78232,60,
Digital Banking,2020M06,6/26/2020,7,,7,10,7,7,7,7,7,7,CB ,Deposits,78861,45,
Digital Banking,2020M06,6/26/2020,5,,7,10,7,7,7,7,5,7,CB ,Deposits,78015,66,
Digital Banking,2020M06,6/26/2020,6,,7,10,7,7,4,7,7,7,PB ,Deposits,78070,70,
Digital Banking,2020M06,6/27/2020,7,,7,10,7,7,7,7,7,7,PB ,Loans,78247,48,
Digital Banking,2020M06,6/27/2020,3,,4,2,6,6,5,4,4,6,CB ,Deposits,78070,73,
Digital Banking,2020M06,6/29/2020,6,,7,10,7,6,6,6,6,6,PB ,Deposits,78230,68,
Digital Banking,2020M06,6/29/2020,7,,7,8,7,7,7,7,7,7,CB ,Deposits,78148,84,
Digital Banking,2020M06,6/29/2020,7,,7,8,5,6,6,6,7,7,CB ,Deposits,78249,46,
Digital Banking,2020M06,6/29/2020,7,,7,10,7,5,7,7,7,7,PB ,Loans,78256,65,
Digital Banking,2020M06,6/30/2020,7,,7,10,7,7,7,7,7,7,CB ,Loans,78148,73,
Digital Banking,2020M06,6/29/2020,7,,7,10,7,7,6,7,7,7,CB ,Deposits,78251,71,
Digital Banking,2020M06,6/29/2020,6,,7,10,7,7,7,7,7,7,CB ,Deposits,78247,73,
Digital Banking,2020M06,6/30/2020,7,,7,10,7,7,7,7,7,7,CB ,Deposits,78130,66,
Digital Banking,2020M06,6/29/2020,6,,6,10,6,6,6,6,6,6,BB ,Deposits,78028,62,
Digital Banking,2020M06,6/30/2020,5,,7,10,2,2,6,6,6,6,CB ,Deposits,78212,56,
Digital Banking,2020M06,6/30/2020,7,,7,10,7,5,7,6,7,7,CB ,Deposits,78132,64,
Digital Banking,2020M06,6/29/2020,7,,7,10,7,7,7,7,6,6,CB ,Deposits,78861,20,
Digital Banking,2020M06,6/29/2020,6,,6,10,6,6,6,6,6,6,CB ,Deposits,78244,66,
Digital Banking,2020M06,6/29/2020,6,,7,10,6,6,6,6,6,6,CB ,Deposits,78070,77,
Digital Banking,2020M06,6/30/2020,7,,7,10,6,6,7,6,6,7,PB ,Loans,78249,67,
Digital Banking,2020M06,6/29/2020,7,,7,10,7,7,6,5,7,7,CB ,Deposits,78248,65,
Digital Banking,2020M06,6/30/2020,7,,7,10,7,7,7,7,7,7,CB ,Deposits,78209,91,
Digital Banking,2020M06,6/29/2020,5,,6,9,7,5,5,6,6,6,CB ,Deposits,78132,71,
Digital Banking,2020M06,6/29/2020,7,,6,9,6,6,5,6,6,7,CB ,Deposits,76108,82,
Digital Banking,2020M06,6/30/2020,7,,7,10,7,7,7,7,7,7,CB ,Deposits,78023,59,
Digital Banking,2020M06,6/29/2020,5,,3,3,6,5,4,3,4,4,CB ,Loans,78606,57,
Digital Banking,2020M06,6/29/2020,7,,7,10,7,7,7,7,7,7,CB ,Deposits,78223,32,
Digital Banking,2020M06,6/29/2020,7,,7,10,7,7,7,7,7,7,PB ,Deposits,78130,69,
Digital Banking,2020M06,6/29/2020,7,,6,10,6,5,4,5,6,6,CB ,Deposits,78232,70,
Digital Banking,2020M06,6/29/2020,7,,7,10,7,7,7,7,7,7,CB ,Deposits,78209,55,
Digital Banking,2020M06,6/29/2020,7,,7,10,7,7,6,6,6,6,CB ,Deposits,78109,85,
Digital Banking,2020M06,6/29/2020,7,,7,10,7,7,7,7,7,7,CB ,Deposits,78247,79,
Digital Banking,2020M06,6/29/2020,7,,5,8,6,7,7,7,7,7,CB ,Deposits,78253,63,
Digital Banking,2020M06,6/29/2020,6,,6,6,7,7,7,7,6,7,CB ,Deposits,78109,49,
Digital Banking,2020M06,6/29/2020,7,,7,10,7,7,7,7,7,7,CB ,Deposits,78240,70,
Digital Banking,2020M06,6/29/2020,7,,5,8,6,6,6,5,6,6,CB ,Deposits,78253,63,
Digital Banking,2020M06,6/29/2020,7,,7,10,7,7,6,6,7,7,CB ,Deposits,78217,69,
Digital Banking,2020M06,6/29/2020,7,,7,10,7,7,7,7,7,7,CB ,Deposits,78248,71,
Digital Banking,2020M06,6/29/2020,7,,7,10,7,7,6,6,6,5,CB ,Deposits,78130,50,
Digital Banking,2020M06,6/29/2020,7,,7,10,7,7,7,7,7,7,CB ,Deposits,78640,40,
Digital Banking,2020M06,6/30/2020,6,,7,10,7,6,7,7,7,7,CB ,Deposits,78023,70,
Digital Banking,2020M06,6/29/2020,5,,5,0,5,4,5,4,5,6,CB ,Deposits,78217,50,
Digital Banking,2020M06,6/29/2020,7,,7,10,7,6,5,5,6,7,CB ,Deposits,78101,67,
Digital Banking,2020M06,6/29/2020,6,,6,7,7,7,6,5,6,7,CB ,Deposits,78221,33,
Digital Banking,2020M06,6/29/2020,3,,4,4,4,4,4,4,4,4,CB ,Deposits,78217,58,
Digital Banking,2020M06,6/29/2020,7,,7,10,6,7,7,6,7,7,CB ,Deposits,78112,87,
Digital Banking,2020M06,6/30/2020,6,,6,10,7,5,7,6,6,6,CB ,Deposits,78209,56,
Digital Banking,2020M06,6/29/2020,7,,7,10,7,7,7,7,7,7,PB ,Loans,78676,68,
Digital Banking,2020M07,7/2/2020,7,,7,10,7,7,7,7,7,7,CB ,Deposits,78154,73,
Digital Banking,2020M07,7/1/2020,5,,7,10,7,7,7,7,6,7,CB ,Deposits,78230,73,
Digital Banking,2020M07,7/1/2020,6,,6,9,6,6,6,6,6,7,CB ,Deposits,78244,56,
Digital Banking,2020M07,7/2/2020,7,,7,10,7,7,7,7,6,7,CB ,Deposits,78209,57,
Digital Banking,2020M07,7/2/2020,7,,7,10,7,7,7,7,7,7,PB ,Deposits,78013,71,
Digital Banking,2020M07,7/2/2020,5,,6,9,6,6,6,6,6,6,CB ,Loans,78410,33,
Digital Banking,2020M07,7/7/2020,2,,2,5,1,4,2,1,1,7,CB ,Deposits,72120,76,
Digital Banking,2020M07,7/6/2020,4,,7,10,4,5,2,4,5,6,PB ,Deposits,78258,69,
Digital Banking,2020M07,7/6/2020,6,,5,5,6,6,6,6,5,5,CB ,Deposits,78216,55,
Digital Banking,2020M07,7/6/2020,6,,5,0,6,5,4,2,5,7,CB ,Deposits,78155,32,
Digital Banking,2020M07,7/6/2020,5,,5,6,7,7,7,7,7,7,CB ,Deposits,78737,35,
Digital Banking,2020M07,7/7/2020,5,,5,6,4,4,2,4,4,6,CB ,Deposits,78250,61,
Digital Banking,2020M07,7/10/2020,1,,7,0,7,7,7,7,1,7,CB ,Deposits,78249,77,
Digital Banking,2020M07,7/6/2020,7,,7,10,7,7,6,7,7,7,CB ,Deposits,78123,79,
Digital Banking,2020M07,7/6/2020,7,,6,8,7,4,5,4,4,5,PB ,Deposits,78130,73,
Digital Banking,2020M07,7/6/2020,7,,7,10,7,7,7,7,7,7,PB ,Deposits,78745,53,
Digital Banking,2020M07,7/6/2020,7,,7,9,7,7,7,7,7,7,CB ,Deposits,78121,68,
Digital Banking,2020M07,7/9/2020,6,,6,10,7,7,7,7,7,7,CB ,Deposits,78009,61,
Digital Banking,2020M07,7/7/2020,6,,7,8,5,4,5,6,6,6,CB ,Deposits,78610,68,
Digital Banking,2020M07,7/8/2020,4,,5,10,7,1,4,2,3,7,CB ,Deposits,78028,76,
Digital Banking,2020M07,7/8/2020,7,,7,10,7,7,7,7,7,7,CB ,Deposits,78249,60,
Digital Banking,2020M07,7/7/2020,1,,6,9,1,1,3,2,6,7,CB ,Deposits,78163,83,
Digital Banking,2020M07,7/9/2020,7,,7,10,7,7,7,7,7,7,CB ,Deposits,33573,48,
Digital Banking,2020M07,7/8/2020,4,,5,7,5,7,5,5,5,6,CB ,Deposits,78627,86,
Digital Banking,2020M07,7/10/2020,6,,6,7,6,6,5,5,6,6,CB ,Deposits,78209,81,
Digital Banking,2020M07,7/9/2020,7,,7,10,7,7,7,7,7,7,CB ,Deposits,78070,71,
Digital Banking,2020M07,7/12/2020,7,,7,10,7,7,7,6,7,7,CB ,Deposits,78002,74,
Digital Banking,2020M07,7/10/2020,6,,6,10,6,5,5,6,6,6,CB ,Loans,78070,80,
Digital Banking,2020M07,7/12/2020,6,,5,8,7,7,6,6,6,7,CB ,Deposits,78155,68,
Digital Banking,2020M07,7/10/2020,6,,5,9,7,7,7,7,7,7,CB ,Loans,78217,32,
Digital Banking,2020M07,7/10/2020,7,,7,10,7,7,7,4,7,7,CB ,Deposits,78108,61,
Digital Banking,2020M07,7/10/2020,7,,6,9,7,6,2,6,7,7,CB ,Deposits,78223,69,
Digital Banking,2020M07,7/10/2020,5,,7,10,7,7,7,7,7,7,CB ,Deposits,78217,72,
Digital Banking,2020M07,7/10/2020,7,,7,10,7,6,6,5,7,7,CB ,Deposits,78213,70,
Digital Banking,2020M07,7/10/2020,7,,7,10,7,7,7,7,7,7,CB ,Deposits,78064,69,
Digital Banking,2020M07,7/10/2020,4,,4,6,3,3,3,3,4,6,CB ,Deposits,78259,73,
Digital Banking,2020M07,7/10/2020,6,,6,8,7,7,7,7,7,7,CB ,Deposits,78217,47,
Digital Banking,2020M07,7/13/2020,7,,7,10,7,7,7,7,7,6,CB ,Deposits,78209,66,
Digital Banking,2020M07,7/13/2020,7,,6,8,7,7,7,7,7,7,CB ,Deposits,78209,51,
Digital Banking,2020M07,7/15/2020,5,,6,8,6,3,6,5,5,6,CB ,Deposits,35810,71,
Digital Banking,2020M07,7/13/2020,7,,7,10,6,6,5,7,7,7,CB ,Deposits,78221,76,
Digital Banking,2020M07,7/13/2020,3,,3,4,3,3,3,2,3,5,CB ,Deposits,78006,57,
Digital Banking,2020M07,7/13/2020,7,,7,10,7,7,7,7,7,7,CB ,Deposits,78201,68,
Digital Banking,2020M07,7/15/2020,6,,6,8,6,6,6,6,6,6,CB ,Deposits,78249,61,
Digital Banking,2020M07,7/15/2020,7,,6,9,7,7,7,7,7,7,CB ,Deposits,78217,23,
Digital Banking,2020M07,7/15/2020,4,,7,10,7,7,7,7,7,7,CB ,Deposits,78251,71,
Digital Banking,2020M07,7/15/2020,7,,7,10,7,7,7,7,7,7,CB ,Loans,78009,59,
Digital Banking,2020M07,7/16/2020,6,,6,9,7,7,6,7,7,7,CB ,Deposits,78624,55,
Digital Banking,2020M07,7/16/2020,7,,7,10,7,7,7,7,7,7,CB ,Deposits,78207,43,
Digital Banking,2020M07,7/15/2020,7,,5,5,5,5,5,5,5,5,CB ,Deposits,78850,62,
Digital Banking,2020M07,7/16/2020,7,,7,10,7,7,7,7,7,7,CB ,Deposits,78247,59,
Digital Banking,2020M07,7/16/2020,5,,6,8,6,5,6,6,6,6,CB ,Deposits,78624,80,
Digital Banking,2020M07,7/16/2020,6,,6,10,7,6,6,6,7,7,CB ,Deposits,78163,75,
Digital Banking,2020M07,7/17/2020,7,,4,7,7,6,6,5,5,6,CB ,Deposits,78666,69,
Digital Banking,2020M07,7/17/2020,7,,7,10,7,7,7,7,7,7,CB ,Deposits,78023,73,
Digital Banking,2020M07,7/17/2020,5,,5,7,6,5,5,6,6,6,CB ,Deposits,78250,58,
Digital Banking,2020M07,7/20/2020,7,,7,10,7,7,7,7,7,7,CB ,Loans,13691,60,
Digital Banking,2020M07,7/20/2020,7,,7,10,7,7,7,7,7,7,CB ,Deposits,78240,61,
Digital Banking,2020M07,7/20/2020,7,,7,10,7,7,7,7,7,7,BB ,Deposits,78247,67,
Digital Banking,2020M07,7/21/2020,7,,7,10,7,7,7,7,7,7,CB ,Deposits,78213,29,
Digital Banking,2020M07,7/20/2020,7,,7,10,7,7,7,7,7,7,CB ,Deposits,78573,73,
Digital Banking,2020M07,7/21/2020,6,,6,5,6,6,5,5,6,6,CB ,Deposits,78155,62,
Digital Banking,2020M07,7/20/2020,7,,7,10,7,7,7,7,6,7,CB ,Deposits,78623,84,
Digital Banking,2020M07,7/21/2020,4,,4,6,6,6,4,5,7,7,CB ,Deposits,78278,63,
Digital Banking,2020M07,7/22/2020,3,,7,10,7,7,4,7,7,7,CB ,Deposits,78016,55,
Digital Banking,2020M07,7/21/2020,7,,7,10,7,7,7,7,7,7,CB ,Loans,78015,81,
Digital Banking,2020M07,7/23/2020,6,,6,10,6,6,6,7,7,7,CB ,Deposits,78255,65,
Digital Banking,2020M07,7/22/2020,6,,6,10,7,5,7,5,6,7,CB ,Deposits,78155,67,
Digital Banking,2020M07,7/22/2020,7,,7,10,7,7,7,7,7,7,CB ,Deposits,78640,62,
Digital Banking,2020M07,7/23/2020,5,,7,10,7,7,5,7,7,7,CB ,Deposits,78223,70,
Digital Banking,2020M07,7/23/2020,7,,7,10,7,7,7,7,7,7,CB ,Deposits,78255,57,
Digital Banking,2020M07,7/24/2020,5,,6,9,6,5,6,5,5,5,CB ,Deposits,78028,85,
Digital Banking,2020M07,7/23/2020,7,,7,10,7,7,7,7,7,7,CB ,Deposits,78006,75,
Digital Banking,2020M07,7/23/2020,6,,6,9,7,6,7,7,7,7,CB ,Deposits,93117,53,
Digital Banking,2020M07,7/23/2020,7,,7,10,7,7,7,7,7,7,CB ,Loans,78013,62,
Digital Banking,2020M07,7/24/2020,7,,7,10,7,7,7,7,7,7,CB ,Loans,78230,75,
Digital Banking,2020M07,7/27/2020,6,,6,9,6,6,6,6,6,6,CB ,Deposits,78610,20,
Digital Banking,2020M07,7/31/2020,5,,6,6,6,5,6,6,5,6,CB ,Deposits,78217,71,
Digital Banking,2020M07,7/27/2020,6,,6,9,5,7,7,7,7,7,CB ,Deposits,78261,71,
Digital Banking,2020M07,7/28/2020,5,,5,7,5,3,5,5,5,5,CB ,Deposits,78676,80,
Digital Banking,2020M07,7/28/2020,7,,7,10,7,7,6,7,7,7,CB ,Deposits,78259,65,
Digital Banking,2020M07,7/28/2020,1,,6,9,7,4,5,3,4,6,PB ,Deposits,78132,57,
Digital Banking,2020M07,7/31/2020,1,,1,0,1,1,1,1,1,1,CB ,Deposits,78132,72,
Digital Banking,2020M07,7/31/2020,7,,7,10,7,6,6,6,7,7,CB ,Deposits,78148,85,
Digital Banking,2020M08,8/3/2020,6,,6,10,5,5,5,5,5,7,CB ,Deposits,78063,76,
Digital Banking,2020M08,8/4/2020,6,,6,9,7,7,6,7,6,7,CB ,Deposits,78015,56,
Digital Banking,2020M08,8/3/2020,5,,3,2,6,6,5,5,6,6,CB ,Deposits,78251,67,
Digital Banking,2020M08,8/6/2020,7,,7,10,7,7,7,7,7,7,CB ,Deposits,78070,69,
Digital Banking,2020M08,8/5/2020,6,,6,9,6,6,6,6,6,7,CB ,Deposits,78232,70,
Digital Banking,2020M08,8/7/2020,4,,5,6,4,6,5,4,5,6,CB ,Loans,78213,60,
Digital Banking,2020M08,8/4/2020,7,,7,10,7,6,6,7,7,7,CB ,Deposits,29212,86,
Digital Banking,2020M08,8/5/2020,7,,7,10,7,7,7,7,7,7,CB ,Deposits,78253,56,
Digital Banking,2020M08,8/4/2020,6,,6,4,5,5,5,7,5,7,CB ,Deposits,78229,62,
Digital Banking,2020M08,8/7/2020,7,,7,10,7,7,7,7,7,7,CB ,Loans,78254,80,
Digital Banking,2020M08,8/6/2020,7,,7,10,7,6,7,7,7,7,CB ,Deposits,78247,62,
Digital Banking,2020M08,8/6/2020,7,,7,10,7,7,7,7,7,7,CB ,Deposits,78233,74,
Digital Banking,2020M08,8/5/2020,7,,7,10,7,7,7,7,7,7,CB ,Deposits,78237,54,
Digital Banking,2020M08,8/5/2020,7,,7,10,7,7,7,7,7,7,BB ,Loans,78130,60,
Digital Banking,2020M08,8/6/2020,6,,6,9,6,6,6,6,6,6,PB ,Deposits,78209,73,
Digital Banking,2020M08,8/7/2020,6,,7,10,7,6,6,6,6,7,CB ,Deposits,78247,57,
Digital Banking,2020M08,8/6/2020,7,,7,10,7,7,7,7,7,7,CB ,Deposits,78640,71,
Digital Banking,2020M08,8/7/2020,6,,6,7,4,6,6,6,6,6,CB ,Deposits,78108,48,
Digital Banking,2020M08,8/8/2020,7,,7,10,6,7,6,5,7,7,CB ,Deposits,76905,66,
Digital Banking,2020M08,8/7/2020,7,,6,10,7,6,6,6,7,7,CB ,Deposits,78258,85,
Digital Banking,2020M08,8/7/2020,5,,5,8,5,5,5,5,5,5,CB ,Deposits,73075,61,
Digital Banking,2020M08,8/8/2020,7,,7,10,7,7,6,6,6,6,CB ,Deposits,78861,56,
Digital Banking,2020M08,8/7/2020,7,,7,10,6,7,6,7,7,6,CB ,Deposits,6335,76,
Digital Banking,2020M08,8/7/2020,5,,7,8,3,4,4,6,5,5,BB ,Loans,78253,63,
Digital Banking,2020M08,8/7/2020,7,,7,10,5,6,5,5,5,7,CB ,Loans,78640,52,
Digital Banking,2020M08,8/7/2020,7,,7,10,7,7,7,7,7,7,CB ,Deposits,78620,81,
Digital Banking,2020M08,8/10/2020,6,,7,10,7,6,6,4,6,7,PB ,Deposits,78279,72,
Digital Banking,2020M08,8/11/2020,6,,6,9,6,6,6,6,6,6,CB ,Loans,78114,61,
Digital Banking,2020M08,8/11/2020,6,,6,9,6,7,4,6,6,6,CB ,Deposits,78258,65,
Digital Banking,2020M08,8/10/2020,7,,7,10,7,7,7,7,7,7,CB ,Deposits,78245,92,
Digital Banking,2020M08,8/13/2020,5,,6,9,7,7,6,6,6,7,CB ,Loans,78148,78,
Digital Banking,2020M08,8/12/2020,7,,7,10,7,7,7,7,7,7,CB ,Loans,78239,67,
Digital Banking,2020M08,8/12/2020,6,,7,10,6,6,5,6,5,6,PB ,Loans,78209,63,
Digital Banking,2020M08,8/12/2020,7,,6,9,7,6,5,6,6,6,CB ,Deposits,78247,76,
Digital Banking,2020M08,8/14/2020,5,,6,8,6,6,6,5,6,7,CB ,Loans,78624,83,
Digital Banking,2020M08,8/11/2020,6,,6,9,6,6,6,7,6,6,CB ,Deposits,78239,73,
Digital Banking,2020M08,8/14/2020,1,,4,1,1,1,1,1,1,1,CB ,Deposits,78734,72,
Digital Banking,2020M08,8/15/2020,7,,7,10,7,7,7,7,7,7,CB ,Loans,78133,87,
Digital Banking,2020M08,8/12/2020,4,,1,0,2,3,5,2,5,7,CB ,Deposits,78610,34,
Digital Banking,2020M08,8/13/2020,7,,7,10,7,6,5,6,7,7,CB ,Deposits,78606,67,
Digital Banking,2020M08,8/13/2020,2,,3,3,4,7,7,7,5,4,CB ,Loans,78620,67,
Digital Banking,2020M08,8/13/2020,1,,5,8,4,1,1,3,5,7,BB ,Loans,78155,71,
Digital Banking,2020M08,8/13/2020,7,,7,0,7,7,7,7,7,7,CB ,Deposits,78232,81,
Digital Banking,2020M08,8/13/2020,7,,7,10,7,7,7,7,7,7,CB ,Deposits,78244,63,
Digital Banking,2020M08,8/13/2020,7,,7,10,7,7,7,7,7,7,CB ,Deposits,78232,68,
Digital Banking,2020M08,8/13/2020,7,,7,10,7,6,6,7,7,7,PB ,Loans,78249,76,
Digital Banking,2020M08,8/14/2020,7,,7,10,7,7,7,7,7,7,CB ,Deposits,78109,73,
Digital Banking,2020M08,8/16/2020,7,,7,10,6,6,6,6,6,6,CB ,Deposits,78108,84,
Digital Banking,2020M08,8/14/2020,3,,6,7,6,5,2,6,5,3,CB ,Deposits,78861,53,
Digital Banking,2020M08,8/14/2020,7,,7,10,7,7,7,7,7,7,CB ,Deposits,12885,72,
Digital Banking,2020M08,8/17/2020,7,,7,10,7,7,7,7,7,7,CB ,Deposits,78130,54,
Digital Banking,2020M08,8/18/2020,7,,7,10,7,6,7,7,7,7,CB ,Loans,75052,71,
Digital Banking,2020M08,8/19/2020,6,,7,9,7,7,6,6,7,7,CB ,Loans,78211,54,
Digital Banking,2020M08,8/18/2020,6,,6,9,7,7,7,7,7,7,CB ,Deposits,78025,72,
Digital Banking,2020M08,8/20/2020,7,,7,10,7,7,7,7,7,7,CB ,Deposits,78223,71,
Digital Banking,2020M08,8/18/2020,7,,7,10,7,7,7,7,7,4,CB ,Deposits,78006,48,
Digital Banking,2020M08,8/18/2020,7,,7,10,7,6,7,7,7,7,CB ,Deposits,78209,50,
Digital Banking,2020M08,8/21/2020,7,,7,10,7,7,7,7,7,7,CB ,Deposits,31804,67,
Digital Banking,2020M08,8/19/2020,4,,5,5,3,4,2,4,5,5,CB ,Deposits,78023,50,
Digital Banking,2020M08,8/22/2020,7,,7,10,7,6,6,7,6,7,CB ,Deposits,78023,67,
Digital Banking,2020M08,8/24/2020,7,,7,10,7,7,7,7,7,7,CB ,Deposits,78217,76,
Digital Banking,2020M08,8/25/2020,7,,7,10,7,7,6,7,7,7,CB ,Deposits,21702,74,
Digital Banking,2020M08,8/24/2020,2,,2,0,1,1,1,1,1,1,PB ,Deposits,78209,46,
Digital Banking,2020M08,8/25/2020,7,,7,10,7,6,7,6,7,7,CB ,Deposits,78249,69,
Digital Banking,2020M08,8/24/2020,4,,6,9,3,3,6,3,3,6,CB ,Deposits,78133,61,
Digital Banking,2020M08,8/24/2020,5,,5,6,7,5,7,5,6,6,CB ,Deposits,88062,67,
Digital Banking,2020M08,8/25/2020,7,,7,10,7,7,7,7,7,7,CB ,Deposits,78253,60,
Digital Banking,2020M08,8/25/2020,7,,7,10,7,7,7,6,6,7,CB ,Deposits,78132,63,
Digital Banking,2020M08,8/25/2020,7,,7,10,7,5,6,6,6,7,CB ,Deposits,78002,55,
Digital Banking,2020M08,8/25/2020,7,,7,10,7,7,7,7,7,7,PB ,Deposits,78278,59,
Digital Banking,2020M08,8/27/2020,4,,5,6,1,2,3,1,2,5,CB ,Deposits,78666,45,
Digital Banking,2020M08,8/30/2020,7,,7,10,7,4,5,3,4,7,CB ,Deposits,78209,66,
Digital Banking,2020M08,8/26/2020,7,,7,10,7,7,7,7,7,7,CB ,Deposits,92103,78,
Digital Banking,2020M08,8/27/2020,6,,7,10,7,3,2,6,6,6,CB ,Deposits,78610,51,
Digital Banking,2020M08,8/26/2020,7,,7,10,7,7,6,7,7,7,CB ,Deposits,78130,58,
Digital Banking,2020M08,8/26/2020,7,,7,10,7,7,7,7,7,7,BB ,Loans,78130,37,
Digital Banking,2020M08,8/27/2020,7,,6,9,7,7,7,4,7,4,CB ,Deposits,78617,59,
Digital Banking,2020M08,8/27/2020,6,,4,8,6,6,4,5,5,6,CB ,Deposits,78155,55,
Digital Banking,2020M08,8/26/2020,5,,6,8,5,5,5,7,6,7,CB ,Deposits,78250,23,
Digital Banking,2020M08,8/27/2020,7,,7,10,7,6,7,7,7,7,CB ,Deposits,19904,70,
Digital Banking,2020M08,8/28/2020,5,,4,4,4,4,4,4,4,4,CB ,Deposits,78154,63,
Digital Banking,2020M08,8/28/2020,6,,6,9,7,7,5,7,6,7,CB ,Deposits,78132,58,
Digital Banking,2020M08,8/27/2020,7,,7,10,7,7,7,7,7,7,CB ,Deposits,78250,77,
Digital Banking,2020M08,8/27/2020,7,,7,10,7,7,7,7,7,7,CB ,Loans,78130,56,
Digital Banking,2020M09,9/1/2020,7,,6,9,6,6,6,6,6,6,CB ,Loans,78121,73,
Digital Banking,2020M09,9/2/2020,3,,7,10,7,6,4,5,5,7,PB ,Deposits,78248,59,
Digital Banking,2020M09,9/1/2020,1,,5,0,2,3,1,2,4,4,CB ,Deposits,78209,47,
Digital Banking,2020M09,9/2/2020,7,,7,10,7,7,4,7,7,7,CB ,Deposits,78245,45,
Digital Banking,2020M09,9/3/2020,7,,7,10,7,7,7,7,7,7,CB ,Deposits,78250,61,
Digital Banking,2020M09,9/3/2020,6,,7,9,6,6,6,6,6,5,PB ,Deposits,78070,54,
Digital Banking,2020M09,9/4/2020,5,,5,8,6,6,6,3,3,6,CB ,Deposits,75208,55,
Digital Banking,2020M09,9/3/2020,7,,7,10,7,7,7,7,7,7,CB ,Deposits,78163,63,
Digital Banking,2020M09,9/4/2020,5,,6,9,3,7,5,6,7,7,CB ,Deposits,78250,43,
Digital Banking,2020M09,9/4/2020,7,,7,10,6,6,5,6,7,7,CB ,Deposits,78624,74,
Digital Banking,2020M09,9/4/2020,7,,7,10,7,7,6,7,7,7,CB ,Deposits,78738,85,
Digital Banking,2020M09,9/4/2020,6,,5,6,5,5,3,4,6,6,CB ,Deposits,78207,61,
Digital Banking,2020M09,9/3/2020,7,,7,10,7,7,7,7,7,7,CB ,Deposits,78221,48,
Digital Banking,2020M09,9/5/2020,7,,7,9,6,7,6,7,7,7,CB ,Deposits,39773,68,
Digital Banking,2020M09,9/4/2020,6,,6,9,6,6,6,6,6,6,CB ,Deposits,78028,87,
Digital Banking,2020M09,9/4/2020,6,,6,0,6,6,6,6,6,6,CB ,Deposits,78209,71,
Digital Banking,2020M09,9/4/2020,7,,7,10,7,7,7,7,7,7,CB ,Deposits,78154,68,
Digital Banking,2020M09,9/4/2020,1,,4,3,5,1,1,4,4,4,CB ,Deposits,78240,56,
Digital Banking,2020M09,9/8/2020,3,,7,10,7,7,7,7,7,7,CB ,Deposits,93446,62,
Digital Banking,2020M09,9/8/2020,5,,7,10,6,7,7,6,6,7,CB ,Deposits,78209,82,
Digital Banking,2020M09,9/8/2020,5,,5,7,5,6,6,5,6,6,CB ,Deposits,99521,42,
Digital Banking,2020M09,9/9/2020,5,,5,5,5,5,5,5,5,5,CB ,Deposits,78009,52,
Digital Banking,2020M09,9/9/2020,6,,6,10,6,5,5,6,6,6,PB ,Deposits,78213,63,
Digital Banking,2020M09,9/10/2020,5,,7,10,5,5,5,6,6,7,CB ,Deposits,78217,53,
Digital Banking,2020M09,9/9/2020,7,,7,10,7,7,7,7,7,7,CB ,Deposits,78861,79,
Digital Banking,2020M09,9/9/2020,5,,6,7,6,6,6,6,6,4,CB ,Deposits,78006,57,
Digital Banking,2020M09,9/9/2020,4,,5,9,4,6,5,6,5,6,CB ,Deposits,78233,33,
Digital Banking,2020M09,9/9/2020,5,,6,10,6,6,7,5,6,7,CB ,Deposits,78256,47,
Digital Banking,2020M09,9/11/2020,7,,7,10,7,7,7,7,7,7,CB ,Deposits,78244,78,
Digital Banking,2020M09,9/12/2020,5,,5,5,5,5,5,5,5,5,CB ,Deposits,78232,72,
Digital Banking,2020M09,9/12/2020,7,,7,10,7,7,7,7,7,7,CB ,Deposits,78207,54,
Digital Banking,2020M09,9/14/2020,7,,4,6,7,7,6,7,7,7,CB ,Deposits,78232,74,
Digital Banking,2020M09,9/14/2020,6,,7,10,6,7,7,6,7,7,PB ,Deposits,78015,69,
Digital Banking,2020M09,9/16/2020,7,,7,10,7,6,7,6,6,7,CB ,Deposits,78638,70,
Digital Banking,2020M09,9/18/2020,7,,7,10,7,7,7,7,7,7,CB ,Deposits,78233,69,
Digital Banking,2020M09,9/16/2020,7,,7,10,5,4,5,5,7,6,CB ,Deposits,78239,92,
Digital Banking,2020M09,9/17/2020,6,,7,10,7,7,7,7,7,7,CB ,Deposits,78226,64,
Digital Banking,2020M09,9/16/2020,6,,6,9,6,6,5,4,6,7,CB ,Deposits,1731,58,
Digital Banking,2020M09,9/16/2020,7,,7,10,6,6,6,6,5,7,PB ,Deposits,78231,80,
Digital Banking,2020M09,9/17/2020,7,,7,10,7,7,7,7,7,7,CB ,Deposits,78610,56,
Digital Banking,2020M09,9/16/2020,3,,5,7,5,6,6,5,6,6,CB ,Deposits,77833,69,
Digital Banking,2020M09,9/17/2020,7,,7,10,7,7,6,7,7,7,CB ,Deposits,78132,63,
Digital Banking,2020M09,9/17/2020,7,,7,10,7,7,7,7,7,7,CB ,Deposits,78148,20,
Digital Banking,2020M09,9/16/2020,5,,5,7,6,6,6,2,3,6,PB ,Deposits,78015,57,
Digital Banking,2020M09,9/16/2020,5,,2,0,4,4,4,4,4,6,CB ,Deposits,78861,29,
Digital Banking,2020M09,9/19/2020,2,,3,9,2,4,1,3,4,6,CB ,Deposits,78221,45,
Digital Banking,2020M09,9/16/2020,7,,6,9,3,6,6,2,7,7,CB ,Deposits,78209,69,
Digital Banking,2020M09,9/18/2020,7,,7,10,7,7,7,7,7,7,CB ,Deposits,78209,72,
Digital Banking,2020M09,9/18/2020,7,,7,10,7,7,7,7,7,7,CB ,Deposits,78247,72,
Digital Banking,2020M09,9/17/2020,6,,6,9,6,6,6,6,6,6,CB ,Deposits,78028,72,
Digital Banking,2020M09,9/19/2020,6,,5,7,6,6,6,6,6,6,CB ,Deposits,78217,58,
Digital Banking,2020M09,9/18/2020,7,,7,10,7,7,4,7,7,7,PB ,Deposits,78266,59,
Digital Banking,2020M09,9/18/2020,7,,7,10,7,7,7,7,7,7,CB ,Deposits,78154,59,
Digital Banking,2020M09,9/18/2020,7,,7,9,7,7,7,6,6,7,CB ,Deposits,78212,48,
Digital Banking,2020M09,9/22/2020,5,,7,5,6,7,5,6,7,7,CB ,Deposits,78233,25,
Digital Banking,2020M09,9/23/2020,6,,5,8,7,5,6,5,6,7,CB ,Deposits,78259,62,
Digital Banking,2020M09,9/22/2020,7,,7,10,7,6,6,7,7,7,CB ,Deposits,78624,57,
Digital Banking,2020M09,9/23/2020,7,,7,10,7,7,7,6,7,7,CB ,Deposits,78228,68,
Digital Banking,2020M09,9/22/2020,7,,7,10,7,7,7,7,7,7,CB ,Deposits,78227,61,
Digital Banking,2020M09,9/21/2020,7,,7,10,7,7,7,7,7,7,CB ,Deposits,78028,50,
Digital Banking,2020M09,9/25/2020,7,,7,10,7,7,7,7,7,7,CB ,Deposits,78249,57,
Digital Banking,2020M09,9/23/2020,3,,7,10,7,4,6,5,6,7,CB ,Deposits,78155,56,
Digital Banking,2020M09,9/22/2020,7,,7,10,6,6,6,6,6,6,CB ,Deposits,78216,65,
Digital Banking,2020M09,9/23/2020,7,,7,10,7,7,7,7,7,7,CB ,Deposits,78133,78,
Digital Banking,2020M09,9/23/2020,5,,6,8,6,5,6,5,6,6,CB ,Deposits,78108,56,
Digital Banking,2020M09,9/26/2020,2,,1,1,2,2,2,1,5,7,CB ,Deposits,78238,60,
Digital Banking,2020M09,9/23/2020,6,,6,9,6,6,6,6,6,6,CB ,Deposits,78209,51,
Digital Banking,2020M09,9/23/2020,5,,6,5,5,3,4,4,4,4,CB ,Deposits,78248,82,
Digital Banking,2020M09,9/23/2020,4,,3,2,4,3,3,4,4,1,CB ,Loans,78015,50,
Digital Banking,2020M09,9/25/2020,6,,7,10,7,7,6,7,7,7,CB ,Deposits,78154,74,
Digital Banking,2020M09,9/28/2020,7,,7,10,7,7,7,7,7,7,CB ,Deposits,30204,60,
Digital Banking,2020M09,9/28/2020,5,,4,4,6,6,6,4,5,5,CB ,Deposits,78209,63,
Digital Banking,2020M09,9/28/2020,7,,7,9,7,7,7,7,7,7,CB ,Loans,78209,61,
Digital Banking,2020M09,9/28/2020,7,,7,10,7,7,7,7,7,7,CB ,Deposits,78247,64,
Digital Banking,2020M09,9/29/2020,6,,7,10,6,6,7,7,7,7,CB ,Deposits,78232,68,
Digital Banking,2020M09,9/28/2020,7,,7,10,7,7,7,7,7,7,CB ,Deposits,78209,74,
Digital Banking,2020M09,9/30/2020,6,,7,10,7,6,6,7,6,6,CB ,Deposits,50613,73,
Digital Banking,2020M09,9/30/2020,6,,7,10,6,6,5,6,6,7,PB ,Deposits,78218,69,
Digital Banking,2020M09,9/30/2020,5,,6,9,4,5,4,6,6,6,CB ,Deposits,78059,55,
Digital Banking,2020M09,9/29/2020,2,,1,5,1,1,1,1,1,7,CB ,Deposits,78240,65,
Digital Banking,2020M09,9/30/2020,7,,7,10,7,7,7,7,7,7,CB ,Deposits,78412,72,
Digital Banking,2020M09,9/30/2020,1,,1,6,1,4,3,7,6,7,CB ,Deposits,78209,64,
Digital Banking,2020M09,9/30/2020,7,,6,9,6,5,6,6,6,6,CB ,Deposits,78640,67,
Digital Banking,2020M09,9/30/2020,7,,7,10,7,7,7,6,7,7,CB ,Deposits,78676,55,
Digital Banking,2020M09,9/30/2020,7,,7,0,7,7,7,7,7,7,PB ,Deposits,78130,56,
Digital Banking,2020M10,10/1/2020,6,,6,9,6,7,6,7,6,7,CB ,Deposits,78201,63,
Digital Banking,2020M10,10/1/2020,7,,7,10,7,7,7,7,7,7,CB ,Deposits,78216,62,
Digital Banking,2020M10,10/1/2020,7,,7,10,7,7,7,7,7,7,CB ,Deposits,78230,76,
Digital Banking,2020M10,10/1/2020,7,,7,9,6,5,6,6,6,6,CB ,Deposits,78861,42,
Digital Banking,2020M10,10/2/2020,2,,5,6,2,6,2,2,3,3,CB ,Deposits,78253,50,
Digital Banking,2020M10,10/7/2020,7,,7,10,7,7,6,7,7,7,CB ,Deposits,78249,76,
Digital Banking,2020M10,10/3/2020,2,,7,10,1,1,2,4,6,6,CB ,Deposits,78620,76,
Digital Banking,2020M10,10/2/2020,2,,4,5,4,5,4,1,4,7,PB ,Deposits,78737,33,
Digital Banking,2020M10,10/5/2020,7,,7,10,7,7,6,7,6,7,PB ,Deposits,78216,64,
Digital Banking,2020M10,10/5/2020,7,,7,10,6,6,7,5,5,7,CB ,Deposits,78154,66,
Digital Banking,2020M10,10/8/2020,4,,4,3,1,1,3,1,1,3,CB ,Loans,78249,58,
Digital Banking,2020M10,10/5/2020,7,,7,10,7,6,6,6,7,7,CB ,Deposits,78624,67,
Digital Banking,2020M10,10/9/2020,3,,7,10,4,6,3,3,4,6,CB ,Deposits,78728,69,
Digital Banking,2020M10,10/8/2020,6,,6,9,7,7,7,6,6,6,CB ,Deposits,78216,57,
Digital Banking,2020M10,10/5/2020,1,,4,6,4,3,3,3,6,6,PB ,Deposits,78230,79,
Digital Banking,2020M10,10/6/2020,7,,7,10,7,7,7,7,7,7,CB ,Deposits,78214,62,
Digital Banking,2020M10,10/7/2020,7,,7,10,6,6,6,7,7,7,CB ,Deposits,78861,69,
Digital Banking,2020M10,10/6/2020,6,,7,10,7,7,7,7,7,7,CB ,Loans,78610,57,
Digital Banking,2020M10,10/6/2020,7,,7,10,7,7,7,7,7,7,CB ,Deposits,78232,67,
Digital Banking,2020M10,10/7/2020,7,,7,10,7,7,7,7,7,7,CB ,Loans,78232,77,
Digital Banking,2020M10,10/6/2020,6,,6,5,6,6,7,7,6,6,CB ,Deposits,78255,62,
Digital Banking,2020M10,10/9/2020,5,,7,10,4,4,4,4,6,5,CB ,Deposits,78003,64,
Digital Banking,2020M10,10/6/2020,6,,6,9,6,6,5,6,6,6,PB ,Loans,78738,59,
Digital Banking,2020M10,10/9/2020,6,,6,10,7,7,6,6,6,7,CB ,Deposits,78232,66,
Digital Banking,2020M10,10/8/2020,6,,7,1,6,6,7,7,6,6,CB ,Deposits,78245,57,
Digital Banking,2020M10,10/7/2020,7,,7,10,7,7,7,7,7,7,MTG ,Loans,78247,76,
Digital Banking,2020M10,10/7/2020,7,,7,10,6,6,6,7,6,7,CB ,Deposits,78230,75,
Digital Banking,2020M10,10/9/2020,5,,6,8,4,5,4,6,6,6,CB ,Deposits,78861,41,
Digital Banking,2020M10,10/9/2020,2,,4,8,6,5,6,3,3,7,CB ,Deposits,91977,29,
Digital Banking,2020M10,10/10/2020,5,,6,7,5,5,5,5,5,6,CB ,Deposits,78237,51,
Digital Banking,2020M10,10/7/2020,6,,7,10,7,6,7,5,6,6,CB ,Deposits,78130,64,
Digital Banking,2020M10,10/7/2020,2,,4,5,3,4,3,5,4,5,CB ,Deposits,78210,51,
Digital Banking,2020M10,10/9/2020,7,,7,10,7,7,7,6,7,7,PB ,Deposits,78666,51,
Digital Banking,2020M10,10/7/2020,2,,5,5,1,2,4,3,5,6,CB ,Deposits,78260,73,
Digital Banking,2020M10,10/8/2020,5,,7,8,7,7,7,7,7,7,CB ,Deposits,78640,42,
Digital Banking,2020M10,10/9/2020,7,,7,10,7,7,7,7,7,7,CB ,Deposits,78155,53,
Digital Banking,2020M10,10/8/2020,7,,6,10,7,7,7,7,7,7,CB ,Deposits,36618,65,
Digital Banking,2020M10,10/10/2020,7,,5,8,7,7,7,7,6,7,CB ,Deposits,78232,81,
Digital Banking,2020M10,10/8/2020,7,,7,10,7,7,7,7,7,7,CB ,Deposits,78154,68,
Digital Banking,2020M10,10/9/2020,7,,7,10,7,7,7,7,7,7,CB ,Deposits,78238,44,
Digital Banking,2020M10,10/8/2020,7,,7,10,7,7,7,7,7,7,CB ,Loans,78003,70,
Digital Banking,2020M10,10/8/2020,7,,7,10,7,7,7,7,7,7,CB ,Deposits,78258,56,
Digital Banking,2020M10,10/8/2020,6,,7,10,7,7,6,6,6,7,PB ,Loans,78676,60,
Digital Banking,2020M10,10/8/2020,6,,7,9,6,6,6,6,6,7,CB ,Deposits,78240,65,
Digital Banking,2020M10,10/13/2020,5,,7,10,6,6,6,6,6,7,CB ,Deposits,78239,34,
Digital Banking,2020M10,10/13/2020,3,,4,6,6,4,4,4,4,6,CB ,Deposits,78216,76,
Digital Banking,2020M10,10/15/2020,7,,7,10,7,7,7,7,7,7,CB ,Deposits,78023,60,
Digital Banking,2020M10,10/13/2020,6,,7,9,6,6,6,6,6,7,CB ,Deposits,78070,60,
Digital Banking,2020M10,10/13/2020,6,,7,10,7,6,6,7,7,7,PB ,Deposits,78258,69,
Digital Banking,2020M10,10/15/2020,5,,6,6,6,6,6,6,6,7,BB ,Deposits,78232,60,
Digital Banking,2020M10,10/14/2020,7,,5,8,6,6,6,6,6,6,CB ,Deposits,78251,76,
Digital Banking,2020M10,10/15/2020,7,,7,10,7,7,5,6,7,7,CB ,Deposits,78130,32,
Digital Banking,2020M10,10/14/2020,4,,2,1,4,5,3,1,5,7,CB ,Deposits,78233,42,
Digital Banking,2020M10,10/15/2020,7,,7,10,7,7,7,7,7,7,CB ,Deposits,78861,50,
Digital Banking,2020M10,10/15/2020,6,,7,10,7,7,7,7,7,7,PB ,Deposits,78130,66,
Digital Banking,2020M10,10/19/2020,7,,7,10,7,5,6,6,7,7,CB ,Deposits,78214,63,
Digital Banking,2020M10,10/20/2020,6,,5,6,7,6,6,3,5,6,PB ,Deposits,78255,53,
Digital Banking,2020M10,10/20/2020,6,,6,8,5,3,2,6,6,6,PB ,Deposits,78260,68,
Digital Banking,2020M10,10/21/2020,7,,7,10,7,7,7,7,7,7,CB ,Deposits,78230,66,
Digital Banking,2020M10,10/21/2020,7,,7,10,7,7,7,7,7,7,CB ,Loans,78242,51,
Digital Banking,2020M10,10/21/2020,6,,7,10,7,6,7,7,7,7,CB ,Deposits,78148,60,
Digital Banking,2020M10,10/21/2020,6,,7,10,7,7,6,6,7,7,CB ,Deposits,77554,82,
Digital Banking,2020M10,10/21/2020,6,,7,10,7,7,6,6,7,7,CB ,Deposits,78231,56,
Digital Banking,2020M10,10/21/2020,7,,7,10,7,7,7,7,7,7,CB ,Deposits,78028,75,
Digital Banking,2020M10,10/23/2020,7,,7,10,7,7,7,7,7,7,CB ,Deposits,78209,84,
Digital Banking,2020M10,10/24/2020,7,,6,9,6,6,6,6,6,6,CB ,Loans,78861,65,
Digital Banking,2020M10,10/27/2020,1,,7,10,3,3,7,1,1,7,CB ,Loans,78213,47,
Digital Banking,2020M10,10/24/2020,7,,7,10,7,7,7,7,7,7,CB ,Deposits,78624,67,
Digital Banking,2020M10,10/27/2020,6,,6,8,7,7,7,6,5,5,CB ,Deposits,78258,62,
Digital Banking,2020M10,10/26/2020,6,,6,10,6,6,6,6,6,6,BB ,Loans,78023,57,
Digital Banking,2020M10,10/23/2020,7,,7,10,6,6,6,6,6,6,CB ,Deposits,78229,74,
Digital Banking,2020M10,10/24/2020,5,,7,10,5,5,5,5,5,7,CB ,Deposits,78240,74,
Digital Banking,2020M10,10/28/2020,6,,7,10,7,7,7,7,7,7,CB ,Deposits,78216,55,
Digital Banking,2020M10,10/26/2020,5,,5,8,6,5,5,4,4,5,CB ,Loans,78006,55,
Digital Banking,2020M10,10/27/2020,7,,7,10,7,7,7,6,6,7,CB ,Deposits,78261,61,
Digital Banking,2020M10,10/26/2020,7,,7,10,7,7,7,7,7,7,CB ,Loans,78217,34,
Digital Banking,2020M10,10/30/2020,7,,7,10,7,7,7,7,7,7,CB ,Deposits,32210,62,
Digital Banking,2020M10,10/26/2020,5,,6,8,7,7,7,7,5,5,CB ,Deposits,79706,39,
Digital Banking,2020M10,10/27/2020,7,,7,10,7,6,6,6,7,7,CB ,Deposits,78213,68,
Digital Banking,2020M10,10/26/2020,6,,7,10,6,5,6,6,6,6,CB ,Deposits,78217,73,
Digital Banking,2020M10,10/30/2020,7,,7,10,7,7,7,7,7,7,CB ,Deposits,78259,71,
Digital Banking,2020M10,10/26/2020,7,,7,10,7,7,6,7,7,7,BB ,Deposits,78130,69,
Digital Banking,2020M10,10/29/2020,7,,7,10,7,7,7,7,7,7,CB ,Deposits,78610,19,
Digital Banking,2020M10,10/28/2020,6,,6,9,7,6,7,6,7,7,CB ,Deposits,78218,62,
Digital Banking,2020M10,10/28/2020,6,,6,9,6,6,3,3,6,6,CB ,Deposits,78244,76,
Digital Banking,2020M10,10/30/2020,7,,7,10,7,7,7,7,7,7,CB ,Deposits,78748,49,
Digital Banking,2020M10,10/30/2020,7,,7,10,7,7,7,7,7,7,BB ,Deposits,78221,66,
Digital Banking,2020M10,10/27/2020,6,,6,9,6,6,5,6,6,6,CB ,Deposits,78638,50,
Digital Banking,2020M10,10/30/2020,2,,3,1,6,6,6,6,6,6,CB ,Deposits,78244,69,
Digital Banking,2020M11,11/3/2020,6,,7,9,7,5,6,6,5,6,CB ,Deposits,78240,52,
Digital Banking,2020M11,11/2/2020,7,,7,10,7,7,7,7,7,7,CB ,Deposits,78023,61,
Digital Banking,2020M11,11/3/2020,7,,7,10,7,6,6,7,7,7,CB ,Deposits,72802,74,
Digital Banking,2020M11,11/3/2020,4,,6,10,7,6,7,4,6,7,CB ,Deposits,78245,51,
Digital Banking,2020M11,11/2/2020,7,,7,10,7,7,7,6,7,7,CB ,Deposits,78154,22,
Digital Banking,2020M11,11/4/2020,5,,7,10,7,6,6,6,7,7,CB ,Deposits,78239,82,
Digital Banking,2020M11,11/3/2020,6,,6,9,6,5,5,6,5,6,CB ,Loans,76133,67,
Digital Banking,2020M11,11/4/2020,7,,7,10,7,7,7,7,7,7,CB ,Deposits,78248,78,
Digital Banking,2020M11,11/4/2020,7,,7,10,7,7,7,7,7,7,CB ,Loans,78640,68,
Digital Banking,2020M11,11/3/2020,5,,6,0,4,5,6,6,6,6,CB ,Deposits,78023,73,
Digital Banking,2020M11,11/6/2020,4,,7,10,7,7,6,3,7,7,CB ,Deposits,78264,31,
Digital Banking,2020M11,11/4/2020,7,,7,10,7,7,7,7,7,7,CB ,Deposits,78209,77,
Digital Banking,2020M11,11/5/2020,5,,6,8,7,7,7,7,7,4,CB ,Deposits,78258,63,
Digital Banking,2020M11,11/4/2020,6,,7,10,7,7,7,7,7,7,CB ,Deposits,78247,66,
Digital Banking,2020M11,11/4/2020,6,,6,9,6,6,5,6,6,6,PB ,Deposits,78232,71,
Digital Banking,2020M11,11/5/2020,7,,7,10,7,7,7,7,7,7,CB ,Deposits,78209,81,
Digital Banking,2020M11,11/4/2020,7,,7,10,7,7,7,7,7,7,CB ,Deposits,78260,45,
Digital Banking,2020M11,11/6/2020,7,,7,10,7,7,7,7,7,7,CB ,Deposits,78253,53,
Digital Banking,2020M11,11/5/2020,6,,6,10,7,6,6,6,6,6,PB ,Deposits,78015,73,
Digital Banking,2020M11,11/5/2020,6,,6,9,6,6,5,6,6,7,CB ,Deposits,78152,62,
Digital Banking,2020M11,11/6/2020,7,,7,10,7,7,7,7,7,7,CB ,Deposits,78247,50,
Digital Banking,2020M11,11/5/2020,7,,5,7,5,6,3,6,6,6,CB ,Deposits,78231,58,
Digital Banking,2020M11,11/6/2020,7,,7,10,7,7,7,7,7,7,CB ,Loans,78213,49,
Digital Banking,2020M11,11/5/2020,7,,7,10,7,7,7,7,7,7,CB ,Deposits,78028,23,
Digital Banking,2020M11,11/6/2020,6,,6,9,6,5,6,7,7,7,PB ,Loans,37206,30,
Digital Banking,2020M11,11/10/2020,6,,4,5,6,6,5,5,6,6,CB ,Deposits,78109,71,
Digital Banking,2020M11,11/10/2020,7,,7,10,7,7,7,7,7,7,CB ,Deposits,78209,75,
Digital Banking,2020M11,11/9/2020,7,,7,9,7,5,7,5,6,7,CB ,Deposits,78247,75,
Digital Banking,2020M11,11/9/2020,7,,7,10,7,7,7,7,7,7,CB ,Deposits,78249,40,
Digital Banking,2020M11,11/10/2020,7,,7,10,7,7,7,7,7,7,CB ,Deposits,78247,66,
Digital Banking,2020M11,11/11/2020,6,,6,10,6,6,6,6,6,7,PB ,Loans,78217,59,
Digital Banking,2020M11,11/10/2020,5,,5,8,6,6,6,5,6,6,CB ,Deposits,78257,63,
Digital Banking,2020M11,11/11/2020,7,,7,10,7,5,7,7,6,6,PB ,Loans,78624,62,
Digital Banking,2020M11,11/13/2020,6,,6,7,6,6,3,5,6,6,CB ,Deposits,78247,70,
Digital Banking,2020M11,11/12/2020,4,,6,9,7,7,7,5,7,7,CB ,Deposits,78247,50,
Digital Banking,2020M11,11/12/2020,7,,7,10,6,6,6,7,6,7,CB ,Deposits,78258,72,
Digital Banking,2020M11,11/12/2020,6,,5,8,5,4,6,6,6,7,CB ,Deposits,78270,70,
Digital Banking,2020M11,11/16/2020,5,,5,5,5,6,5,4,5,5,CB ,Deposits,78217,82,
Digital Banking,2020M11,11/12/2020,7,,6,9,6,6,6,6,6,7,CB ,Deposits,78631,73,
Digital Banking,2020M11,11/12/2020,7,,7,10,7,7,7,7,7,7,CB ,Loans,78244,59,
Digital Banking,2020M11,11/13/2020,4,,4,4,4,5,6,1,4,4,CB ,Deposits,78259,60,
Digital Banking,2020M11,11/12/2020,7,,6,10,5,5,5,4,5,6,CB ,Loans,78210,76,
Digital Banking,2020M11,11/12/2020,7,,7,10,7,7,6,7,7,7,CB ,Deposits,78249,70,
Digital Banking,2020M11,11/13/2020,7,,7,10,7,7,7,7,7,7,CB ,Deposits,78248,68,
Digital Banking,2020M11,11/13/2020,7,,7,10,7,7,7,7,7,7,CB ,Deposits,78230,86,
Digital Banking,2020M11,11/13/2020,6,,7,10,7,7,6,6,7,7,CB ,Deposits,78254,38,
Digital Banking,2020M11,11/13/2020,7,,7,10,7,7,7,7,7,7,CB ,Deposits,78217,71,
Digital Banking,2020M11,11/13/2020,6,,7,10,4,7,4,7,7,7,CB ,Deposits,78861,52,
Digital Banking,2020M11,11/13/2020,7,,7,10,7,7,7,7,7,7,CB ,Deposits,78017,39,
Digital Banking,2020M11,11/12/2020,7,,7,10,7,7,6,7,7,7,CB ,Deposits,78620,73,
Digital Banking,2020M11,11/13/2020,2,,4,0,4,4,5,4,4,4,CB ,Deposits,78070,59,
Digital Banking,2020M11,11/13/2020,7,,7,10,7,7,7,7,7,7,PB ,Deposits,78218,62,
Digital Banking,2020M11,11/14/2020,5,,5,8,7,6,5,5,6,7,CB ,Deposits,78253,34,
Digital Banking,2020M11,11/16/2020,7,,7,10,7,7,7,7,7,7,CB ,Deposits,78108,69,
Digital Banking,2020M11,11/17/2020,7,,7,10,7,7,7,7,7,7,CB ,Deposits,79549,60,
Digital Banking,2020M11,11/17/2020,6,,6,7,6,6,6,6,7,7,CB ,Deposits,78861,59,
Digital Banking,2020M11,11/19/2020,5,,5,7,6,5,5,6,7,6,CB ,Deposits,78247,65,
Digital Banking,2020M11,11/19/2020,6,,6,9,7,6,6,6,7,6,CB ,Deposits,78245,78,
Digital Banking,2020M11,11/20/2020,7,,7,10,7,7,7,7,7,7,CB ,Deposits,78258,59,
Digital Banking,2020M11,11/20/2020,7,,6,10,6,6,7,7,7,7,CB ,Deposits,78251,57,
Digital Banking,2020M11,11/20/2020,5,,6,8,6,6,4,6,6,5,CB ,Deposits,78109,52,
Digital Banking,2020M11,11/20/2020,7,,7,10,7,7,7,7,7,7,CB ,Deposits,78233,62,
Digital Banking,2020M11,11/21/2020,5,,5,6,5,5,5,6,5,6,BB ,Deposits,78156,71,
Digital Banking,2020M11,11/20/2020,5,,7,10,7,6,6,5,6,6,CB ,Deposits,78619,58,
Digital Banking,2020M11,11/24/2020,7,,6,10,5,6,6,6,6,6,CB ,Deposits,78230,68,
Digital Banking,2020M11,11/27/2020,6,,7,10,7,7,6,7,7,7,CB ,Deposits,78063,68,
Digital Banking,2020M11,11/25/2020,7,,7,10,7,6,6,6,7,7,CB ,Deposits,78148,71,
Digital Banking,2020M11,11/25/2020,7,,7,10,7,7,7,7,7,7,CB ,Deposits,78155,55,
Digital Banking,2020M11,11/29/2020,5,,6,9,6,5,6,6,7,7,CB ,Deposits,78230,66,
Digital Banking,2020M11,11/24/2020,7,,7,10,7,7,7,6,7,7,CB ,Deposits,78239,88,
Digital Banking,2020M11,11/26/2020,6,,7,10,7,5,7,7,7,7,PB ,Deposits,78258,69,
Digital Banking,2020M11,11/29/2020,7,,7,10,7,7,7,4,7,7,CB ,Deposits,78248,66,
Digital Banking,2020M11,11/25/2020,7,,7,7,7,7,7,7,7,7,CB ,Loans,78148,51,
Digital Banking,2020M11,11/28/2020,7,,7,10,7,7,7,7,7,7,BB ,Deposits,78070,79,
Digital Banking,2020M11,11/25/2020,6,,5,7,6,6,6,6,7,7,CB ,Deposits,78220,48,
Digital Banking,2020M11,11/25/2020,7,,7,10,7,7,7,7,7,7,CB ,Deposits,78676,63,
Digital Banking,2020M11,11/25/2020,7,,7,10,7,7,5,6,7,6,CB ,Deposits,78861,29,
Digital Banking,2020M11,11/27/2020,7,,7,10,7,6,5,6,7,7,CB ,Deposits,78055,66,
Digital Banking,2020M11,11/28/2020,7,,7,10,7,7,7,7,7,7,CB ,Deposits,78070,63,
Digital Banking,2020M11,11/27/2020,6,,5,8,6,6,6,6,6,6,CB ,Deposits,78666,67,
Digital Banking,2020M11,11/27/2020,6,,7,10,6,5,5,6,6,6,CB ,Deposits,78248,78,
Digital Banking,2020M11,11/27/2020,7,,7,10,7,7,7,7,7,7,CB ,Deposits,78130,67,
Digital Banking,2020M11,11/27/2020,7,,7,10,7,7,6,7,7,7,CB ,Deposits,78154,69,
Digital Banking,2020M12,12/2/2020,3,,2,2,3,3,3,4,3,3,CB ,Deposits,9722,52,
Digital Banking,2020M12,12/2/2020,7,,7,10,5,7,7,7,6,7,CB ,Deposits,78363,49,
Digital Banking,2020M12,12/2/2020,7,,7,10,7,6,6,6,6,7,CB ,Deposits,78209,58,
Digital Banking,2020M12,12/2/2020,6,,5,8,6,6,5,5,5,6,CB ,Deposits,78215,38,
Digital Banking,2020M12,12/1/2020,6,,5,3,6,6,6,6,6,6,CB ,Deposits,78745,25,
Digital Banking,2020M12,12/2/2020,7,,7,10,7,7,7,6,7,7,PB ,Deposits,78209,53,
Digital Banking,2020M12,12/2/2020,6,,6,7,6,6,6,6,6,6,CB ,Deposits,78023,71,
Digital Banking,2020M12,12/2/2020,7,,7,10,7,7,7,7,7,7,CB ,Deposits,78258,43,
Digital Banking,2020M12,12/2/2020,6,,6,10,7,6,6,6,6,6,CB ,Loans,78861,72,
Digital Banking,2020M12,12/3/2020,6,,7,10,7,7,7,7,7,7,CB ,Deposits,78231,63,
Digital Banking,2020M12,12/2/2020,7,,7,10,7,7,4,7,7,7,CB ,Deposits,78676,59,
Digital Banking,2020M12,12/2/2020,6,,6,8,6,6,6,6,6,6,CB ,Deposits,78255,54,
Digital Banking,2020M12,12/4/2020,6,,6,10,7,7,6,6,6,7,PB ,Deposits,78209,64,
Digital Banking,2020M12,12/4/2020,7,,7,10,7,7,7,7,7,7,CB ,Deposits,78254,58,
Digital Banking,2020M12,12/4/2020,5,,6,9,6,6,6,6,6,5,CB ,Deposits,78247,57,
Digital Banking,2020M12,12/4/2020,7,,7,10,7,7,7,7,7,7,CB ,Deposits,78209,34,
Digital Banking,2020M12,12/4/2020,2,,1,0,4,4,2,4,3,1,CB ,Deposits,78239,32,
Digital Banking,2020M12,12/5/2020,6,,7,10,7,7,7,7,7,7,CB ,Deposits,78201,73,
Digital Banking,2020M12,12/4/2020,5,,7,10,4,4,4,1,3,6,CB ,Deposits,78239,44,
Digital Banking,2020M12,12/5/2020,5,,7,10,6,6,5,6,6,6,CB ,Deposits,78278,80,
Digital Banking,2020M12,12/9/2020,7,,6,10,7,7,7,6,5,7,CB ,Deposits,78238,74,
Digital Banking,2020M12,12/4/2020,6,,6,10,6,6,5,6,6,6,CB ,Deposits,78101,70,
Digital Banking,2020M12,12/5/2020,7,,6,10,7,6,7,6,6,7,CB ,Deposits,78028,68,
Digital Banking,2020M12,12/5/2020,6,,7,9,6,6,4,7,6,7,CB ,Deposits,78070,59,
Digital Banking,2020M12,12/5/2020,7,,7,10,7,7,7,7,7,7,CB ,Loans,78009,48,
Digital Banking,2020M12,12/8/2020,7,,7,10,7,7,7,7,7,7,CB ,Deposits,78737,76,
Digital Banking,2020M12,12/8/2020,6,,6,8,7,7,7,7,7,7,CB ,Deposits,78130,56,
Digital Banking,2020M12,12/8/2020,6,,6,10,6,7,6,5,5,7,CB ,Deposits,78666,35,
Digital Banking,2020M12,12/7/2020,7,,7,10,7,7,7,7,7,7,CB ,Deposits,78232,60,
Digital Banking,2020M12,12/11/2020,7,,7,10,6,7,6,6,7,6,CB ,Loans,78109,66,
Digital Banking,2020M12,12/11/2020,7,,7,10,7,7,7,7,7,7,CB ,Deposits,78623,69,
Digital Banking,2020M12,12/9/2020,7,,7,10,7,7,7,7,7,7,BB ,Deposits,78063,51,
Digital Banking,2020M12,12/11/2020,5,,6,8,7,5,5,6,6,6,CB ,Deposits,78070,58,
Digital Banking,2020M12,12/9/2020,5,,5,7,5,5,5,5,5,6,CB ,Deposits,78624,76,
Digital Banking,2020M12,12/10/2020,7,,7,10,7,7,7,7,7,7,CB ,Deposits,78258,71,
Digital Banking,2020M12,12/13/2020,7,,6,10,6,7,7,5,6,7,CB ,Deposits,78247,68,
Digital Banking,2020M12,12/10/2020,6,,6,10,6,6,6,6,6,6,CB ,Deposits,78023,66,
Digital Banking,2020M12,12/10/2020,5,,6,10,5,6,5,6,7,7,CB ,Deposits,78737,65,
Digital Banking,2020M12,12/12/2020,7,,6,9,6,6,6,6,6,6,CB ,Deposits,78748,78,
Digital Banking,2020M12,12/11/2020,7,,7,10,7,7,7,7,7,7,CB ,Deposits,78247,69,
Digital Banking,2020M12,12/13/2020,5,,7,10,7,6,6,6,7,6,CB ,Deposits,78130,89,
Digital Banking,2020M12,12/14/2020,7,,7,10,7,5,6,6,7,6,CB ,Deposits,78028,86,
Digital Banking,2020M12,12/15/2020,6,,7,8,6,6,6,6,7,7,CB ,Deposits,78132,74,
Digital Banking,2020M12,12/14/2020,7,,7,10,7,7,7,7,7,7,CB ,Deposits,78652,56,
Digital Banking,2020M12,12/15/2020,5,,6,9,6,6,6,5,6,6,BB ,Deposits,78232,70,
Digital Banking,2020M12,12/17/2020,7,,7,10,7,7,7,7,7,7,CB ,Deposits,78258,64,
Digital Banking,2020M12,12/15/2020,7,,7,10,7,7,7,7,7,7,CB ,Deposits,78230,73,
Digital Banking,2020M12,12/15/2020,7,,7,10,7,6,6,6,7,7,CB ,Deposits,78121,59,
Digital Banking,2020M12,12/15/2020,6,,5,7,7,6,6,5,6,6,CB ,Deposits,78227,38,
Digital Banking,2020M12,12/16/2020,7,,7,10,7,7,7,7,7,7,CB ,Deposits,78217,45,
Digital Banking,2020M12,12/16/2020,6,,7,10,6,6,6,6,6,6,CB ,Deposits,78209,76,
Digital Banking,2020M12,12/16/2020,1,,4,5,1,3,7,4,3,7,CB ,Deposits,78232,71,
Digital Banking,2020M12,12/17/2020,7,,7,10,7,7,7,7,7,7,CB ,Deposits,78209,59,
Digital Banking,2020M12,12/17/2020,5,,6,8,6,6,6,6,6,6,CB ,Deposits,78152,61,
Digital Banking,2020M12,12/17/2020,7,,7,10,7,7,7,7,7,7,CB ,Deposits,21774,66,
Digital Banking,2020M12,12/17/2020,6,,6,4,7,6,6,6,6,6,CB ,Deposits,78248,56,
Digital Banking,2020M12,12/18/2020,7,,7,10,7,7,7,7,7,7,CB ,Deposits,78624,82,
Digital Banking,2020M12,12/19/2020,5,,5,7,5,5,5,6,5,5,CB ,Deposits,78610,70,
Digital Banking,2020M12,12/17/2020,6,,5,8,6,4,6,6,6,6,BB ,Deposits,78610,55,
Digital Banking,2020M12,12/19/2020,7,,6,9,6,6,6,6,6,7,CB ,Loans,78240,64,
Digital Banking,2020M12,12/19/2020,7,,7,10,7,7,7,7,7,7,CB ,Deposits,78016,55,
Digital Banking,2020M12,12/19/2020,5,,5,7,6,6,6,6,6,6,CB ,Deposits,78209,84,
Digital Banking,2020M12,12/21/2020,4,,7,6,7,7,7,1,1,7,CB ,Deposits,78070,41,
Digital Banking,2020M12,12/24/2020,7,,7,10,7,7,6,7,7,7,CB ,Deposits,31548,62,
Digital Banking,2020M12,12/21/2020,7,,7,10,7,7,7,7,7,7,CB ,Deposits,78230,72,
Digital Banking,2020M12,12/22/2020,6,,7,10,7,6,7,6,6,6,CB ,Deposits,78209,65,
Digital Banking,2020M12,12/22/2020,5,,4,5,4,4,3,5,3,3,CB ,Deposits,78155,18,
Digital Banking,2020M12,12/23/2020,6,,7,10,7,7,7,7,7,7,PB ,Deposits,78257,83,
Digital Banking,2020M12,12/24/2020,7,,6,9,6,6,6,6,6,6,CB ,Deposits,78230,82,
Digital Banking,2020M12,12/24/2020,7,,7,10,7,7,7,7,7,7,CB ,Deposits,78217,26,
Digital Banking,2020M12,12/29/2020,2,,3,2,1,1,1,1,1,4,CB ,Deposits,78217,76,
Digital Banking,2020M12,12/28/2020,5,,7,10,7,7,5,5,7,7,CB ,Loans,78070,33,
Digital Banking,2020M12,12/30/2020,6,,7,10,6,6,6,7,6,7,CB ,Deposits,78610,81,
Digital Banking,2020M12,12/30/2020,6,,7,10,7,7,6,7,7,7,CB ,Deposits,78666,44,
Digital Banking,2020M12,12/31/2020,6,,7,10,6,6,7,7,7,7,CB ,Deposits,78247,74,
Digital Banking,2021M01,1/1/2021,7,,7,10,7,7,7,7,7,7,CB ,Deposits,78861,60,
Digital Banking,2021M01,1/5/2021,7,,7,10,7,7,7,7,7,7,CB ,Deposits,78660,62,
Digital Banking,2021M01,1/4/2021,7,,7,10,7,7,5,6,6,6,CB ,Deposits,78248,77,
Digital Banking,2021M01,1/4/2021,7,,7,10,7,7,7,7,7,7,BB ,Deposits,78114,63,
Digital Banking,2021M01,1/5/2021,6,,7,10,6,7,7,6,7,7,CB ,Deposits,78232,84,
Digital Banking,2021M01,1/5/2021,7,,7,10,7,7,7,7,7,7,CB ,Deposits,78209,67,
Digital Banking,2021M01,1/5/2021,5,,6,6,7,7,5,5,7,7,CB ,Deposits,78059,64,
Digital Banking,2021M01,1/7/2021,7,,7,10,7,7,7,6,7,7,CB ,Deposits,78003,72,
Digital Banking,2021M01,1/7/2021,7,,7,10,6,6,6,5,6,6,CB ,Loans,78070,74,
Digital Banking,2021M01,1/7/2021,7,,7,9,7,7,7,7,7,7,CB ,Deposits,78217,60,
Digital Banking,2021M01,1/7/2021,7,,7,10,7,7,7,7,7,7,CB ,Deposits,78223,38,
Digital Banking,2021M01,1/7/2021,6,,3,4,6,6,6,6,6,6,CB ,Deposits,78249,66,
Digital Banking,2021M01,1/9/2021,7,,7,10,7,7,7,7,6,7,CB ,Loans,78233,72,
Digital Banking,2021M01,1/7/2021,7,,6,10,7,7,5,6,7,6,CB ,Deposits,78249,69,
Digital Banking,2021M01,1/7/2021,6,,6,8,7,3,4,4,5,5,CB ,Deposits,78676,76,
Digital Banking,2021M01,1/7/2021,1,,7,10,7,7,7,7,7,7,CB ,Deposits,78245,41,
Digital Banking,2021M01,1/8/2021,7,,7,10,7,4,7,7,7,7,CB ,Deposits,78253,30,
Digital Banking,2021M01,1/9/2021,7,,7,10,7,7,7,7,7,7,CB ,Loans,78209,67,
Digital Banking,2021M01,1/7/2021,4,,5,5,5,5,5,4,5,7,CB ,Deposits,78013,25,
Digital Banking,2021M01,1/9/2021,7,,7,10,7,7,7,7,7,7,PB ,Loans,78070,74,
Digital Banking,2021M01,1/8/2021,7,,6,10,5,3,4,4,5,6,CB ,Loans,78727,63,
Digital Banking,2021M01,1/12/2021,7,,7,10,7,7,7,7,7,7,CB ,Deposits,78233,77,
Digital Banking,2021M01,1/11/2021,7,,6,7,5,4,5,4,5,6,CB ,Deposits,78260,72,
Digital Banking,2021M01,1/11/2021,7,,4,8,6,7,6,5,6,6,CB ,Deposits,78217,81,
Digital Banking,2021M01,1/11/2021,5,,5,7,6,4,4,4,5,6,PB ,Deposits,78070,45,
Digital Banking,2021M01,1/12/2021,7,,7,10,7,7,7,7,7,7,CB ,Loans,78245,65,
Digital Banking,2021M01,1/12/2021,7,,7,10,7,7,4,6,6,7,CB ,Deposits,78155,54,
Digital Banking,2021M01,1/12/2021,7,,7,10,7,7,7,7,7,7,CB ,Loans,78610,56,
Digital Banking,2021M01,1/13/2021,5,,5,6,5,6,5,2,5,6,CB ,Deposits,78130,25,
Digital Banking,2021M01,1/12/2021,5,,7,10,7,6,3,5,7,7,PB ,Deposits,78209,43,
Digital Banking,2021M01,1/13/2021,6,,7,10,6,6,4,5,6,7,CB ,Deposits,78640,39,
Digital Banking,2021M01,1/14/2021,7,,6,9,7,6,5,6,6,7,CB ,Deposits,78209,56,
Digital Banking,2021M01,1/14/2021,7,,6,9,7,7,7,7,7,7,PB ,Deposits,78248,70,
Digital Banking,2021M01,1/13/2021,6,,6,8,6,5,5,6,6,5,CB ,Loans,78620,59,
Digital Banking,2021M01,1/13/2021,6,,7,10,7,6,6,4,5,6,PB ,Deposits,78738,51,
Digital Banking,2021M01,1/14/2021,6,,5,7,7,7,4,5,6,4,CB ,Loans,21144,52,
Digital Banking,2021M01,1/14/2021,7,,7,10,7,7,7,6,7,7,CB ,Deposits,78070,59,
Digital Banking,2021M01,1/14/2021,7,,7,10,7,7,7,7,7,7,CB ,Deposits,78154,58,
Digital Banking,2021M01,1/14/2021,7,,7,9,7,7,5,7,7,7,CB ,Deposits,78665,68,
Digital Banking,2021M01,1/14/2021,7,,7,10,7,7,5,7,7,7,CB ,Deposits,78250,48,
Digital Banking,2021M01,1/14/2021,5,,5,10,7,7,5,7,7,7,CB ,Deposits,78237,51,
Digital Banking,2021M01,1/15/2021,7,,7,10,6,7,6,6,7,7,CB ,Deposits,78209,67,
Digital Banking,2021M01,1/15/2021,7,,7,0,7,5,1,4,7,4,CB ,Deposits,75080,60,
Digital Banking,2021M01,1/15/2021,4,,7,10,7,7,7,4,6,7,CB ,Loans,78218,66,
Digital Banking,2021M01,1/16/2021,7,,7,9,6,6,5,6,6,7,CB ,Deposits,78640,72,
Digital Banking,2021M01,1/17/2021,6,,7,10,7,7,3,7,7,7,CB ,Deposits,78242,18,
Digital Banking,2021M01,1/19/2021,7,,7,10,6,6,6,7,7,7,PB ,Deposits,78209,49,
Digital Banking,2021M01,1/19/2021,6,,7,10,7,7,7,6,7,7,CB ,Deposits,78233,69,
Digital Banking,2021M01,1/18/2021,5,,7,10,4,6,6,6,6,7,CB ,Deposits,78230,58,
Digital Banking,2021M01,1/19/2021,7,,6,6,7,6,6,7,7,7,CB ,Deposits,78132,83,
Digital Banking,2021M01,1/19/2021,7,,7,10,7,7,7,7,7,7,BB ,Deposits,78266,66,
Digital Banking,2021M01,1/19/2021,6,,6,8,6,6,6,6,6,6,CB ,Deposits,78217,93,
Digital Banking,2021M01,1/20/2021,6,,6,8,6,6,6,6,6,6,CB ,Deposits,78620,64,
Digital Banking,2021M01,1/20/2021,7,,7,10,7,7,7,7,7,7,CB ,Deposits,78656,38,
Digital Banking,2021M01,1/21/2021,6,,6,9,6,6,6,6,6,7,CB ,Loans,78029,50,
Digital Banking,2021M01,1/21/2021,4,,6,9,4,4,5,4,4,6,PB ,Deposits,78229,69,
Digital Banking,2021M01,1/22/2021,5,,6,9,7,7,5,5,7,7,CB ,Deposits,78228,78,
Digital Banking,2021M01,1/22/2021,7,,7,10,7,7,7,7,7,7,CB ,Deposits,78253,71,
Digital Banking,2021M01,1/22/2021,5,,5,7,6,6,6,4,6,1,CB ,Deposits,60402,44,
Digital Banking,2021M01,1/22/2021,6,,6,8,6,6,6,6,6,6,CB ,Deposits,78006,73,
Digital Banking,2021M01,1/25/2021,7,,7,10,7,7,7,7,7,7,BB ,Deposits,78015,73,Private Banking
Digital Banking,2021M01,1/25/2021,5,,3,4,6,5,4,5,5,6,CB ,Deposits,78209,25,Retail Banking
Digital Banking,2021M01,1/26/2021,7,,7,10,7,7,7,7,7,7,CB ,Deposits,77984,67,Retail Banking
Digital Banking,2021M01,1/25/2021,7,,7,10,7,7,7,7,7,7,CB ,Deposits,66441,56,Retail Banking
Digital Banking,2021M01,1/25/2021,6,,7,10,7,7,7,5,6,6,PB ,Deposits,78620,70,Private Banking
Digital Banking,2021M01,1/26/2021,6,,6,8,7,6,6,7,7,5,CB ,Deposits,78163,58,Retail Banking
Digital Banking,2021M01,1/29/2021,6,,6,9,5,6,4,6,6,6,CB ,Deposits,78130,67,Retail Banking
Digital Banking,2021M01,1/28/2021,4,,6,7,1,5,5,5,3,6,PB ,Deposits,78260,43,Private Banking
Digital Banking,2021M01,1/30/2021,7,,7,10,7,7,7,7,7,7,CB ,Deposits,78154,57,Retail Banking
Digital Banking,2021M01,1/30/2021,6,,6,9,6,4,6,6,6,7,CB ,Deposits,78233,67,Retail Banking
Digital Banking,2021M01,1/30/2021,7,,7,10,7,7,7,7,7,7,BB ,Loans,78132,73,Retail Banking
Digital Banking,2021M01,1/29/2021,7,,7,10,6,7,7,6,7,7,CB ,Deposits,78209,59,Retail Banking
Digital Banking,2021M02,2/2/2021,7,,7,10,7,7,7,7,7,7,PB ,Deposits,78132,55,Private Banking
Digital Banking,2021M02,2/1/2021,7,,7,10,7,7,6,7,7,6,CB ,Deposits,78259,68,Retail Banking
Digital Banking,2021M02,2/1/2021,7,,7,10,7,7,7,7,7,7,CB ,Deposits,31701,65,Retail Banking
Digital Banking,2021M02,2/3/2021,7,,7,10,7,7,7,7,7,7,CB ,Deposits,78233,74,Retail Banking
Digital Banking,2021M02,2/4/2021,7,,7,10,7,7,7,7,7,7,CB ,Deposits,78155,50,Retail Banking
Digital Banking,2021M02,2/4/2021,6,,6,9,6,6,5,6,6,7,CB ,Deposits,78247,73,Retail Banking
Digital Banking,2021M02,2/4/2021,6,,6,9,6,6,6,6,6,6,CB ,Deposits,78114,60,Retail Banking
Digital Banking,2021M02,2/8/2021,6,,6,8,6,6,7,2,4,6,CB ,Deposits,78230,65,Retail Banking
Digital Banking,2021M02,2/7/2021,7,,7,10,7,6,7,6,7,7,CB ,Deposits,78266,60,Retail Banking
Digital Banking,2021M02,2/6/2021,6,,4,7,6,7,6,6,6,5,CB ,Deposits,78733,71,Retail Banking
Digital Banking,2021M02,2/6/2021,7,,7,10,7,7,6,7,7,7,CB ,Deposits,78264,52,Retail Banking
Digital Banking,2021M02,2/9/2021,7,,4,1,5,5,4,2,4,6,BB ,Deposits,78624,67,Retail Banking
Digital Banking,2021M02,2/11/2021,7,,7,10,7,7,7,7,7,7,CB ,Deposits,78266,61,Middle Market Banking
Digital Banking,2021M02,2/9/2021,7,,7,10,6,6,5,7,7,7,CB ,Loans,78124,49,Retail Banking
Digital Banking,2021M02,2/10/2021,7,,7,10,7,7,7,7,7,7,PB ,Deposits,78218,50,Private Banking
Digital Banking,2021M02,2/9/2021,3,,5,6,4,4,4,5,5,5,CB ,Loans,78610,61,Retail Banking
Digital Banking,2021M02,2/12/2021,6,,6,9,6,6,5,6,6,6,BB ,Deposits,78255,56,Retail Banking
Digital Banking,2021M02,2/10/2021,7,,7,10,7,7,7,7,7,7,CB ,Deposits,77584,62,Retail Banking
Digital Banking,2021M02,2/11/2021,6,,7,10,7,6,6,6,6,6,CB ,Deposits,78217,66,Retail Banking
Digital Banking,2021M02,2/10/2021,7,,6,10,6,6,6,6,6,4,CB ,Loans,78254,46,Retail Banking
Digital Banking,2021M02,2/11/2021,7,,7,9,7,7,6,7,7,7,CB ,Loans,78260,52,Retail Banking
Digital Banking,2021M02,2/13/2021,7,,7,10,7,7,7,7,7,7,CB ,Deposits,78248,77,Retail Banking
Digital Banking,2021M02,2/10/2021,7,,7,10,7,7,7,7,7,7,CB ,Deposits,78249,58,Retail Banking
Digital Banking,2021M02,2/10/2021,7,,7,10,7,7,6,7,7,7,CB ,Deposits,78629,55,Retail Banking
Digital Banking,2021M02,2/13/2021,7,,7,10,7,7,7,7,7,7,BB ,Deposits,78209,64,Retail Banking
Digital Banking,2021M02,2/13/2021,7,,7,10,7,7,7,7,7,7,CB ,Deposits,78550,67,Retail Banking
Digital Banking,2021M02,2/14/2021,4,,7,10,3,5,3,7,6,7,PB ,Deposits,78070,58,Private Banking
Digital Banking,2021M02,2/13/2021,6,,6,6,6,6,5,7,6,7,CB ,Deposits,78212,48,Retail Banking
Digital Banking,2021M02,2/11/2021,6,,7,10,5,7,6,7,7,7,CB ,Deposits,78216,41,Private Banking
Digital Banking,2021M02,2/12/2021,6,,7,10,7,7,7,7,7,7,CB ,Deposits,78028,79,Retail Banking
Digital Banking,2021M02,2/11/2021,7,,6,10,7,6,6,6,7,7,CB ,Deposits,78232,68,Retail Banking
Digital Banking,2021M02,2/12/2021,7,,7,10,7,7,7,7,7,7,CB ,Deposits,78861,56,Retail Banking
Digital Banking,2021M02,2/13/2021,7,,7,10,6,7,6,7,7,7,CB ,Deposits,78233,68,Retail Banking
Digital Banking,2021M02,2/12/2021,7,,7,10,7,7,7,6,7,7,CB ,Deposits,78163,76,Retail Banking
Digital Banking,2021M02,2/12/2021,6,,5,5,6,4,6,5,4,7,CB ,Deposits,78247,54,Retail Banking
Digital Banking,2021M02,2/12/2021,2,,5,6,2,2,1,1,1,5,PB ,Deposits,78248,50,Private Banking
Digital Banking,2021M02,2/16/2021,6,,5,8,5,4,4,5,5,4,CB ,Deposits,78130,63,Retail Banking
Digital Banking,2021M02,2/17/2021,7,,7,10,6,6,6,7,6,6,MTG ,Loans,78212,62,Private Banking
Digital Banking,2021M02,2/18/2021,7,,7,10,7,7,7,7,7,7,CB ,Deposits,78154,55,Retail Banking
Digital Banking,2021M02,2/18/2021,6,,4,5,6,5,6,6,6,6,CB ,Deposits,77807,53,Retail Banking
Digital Banking,2021M02,2/23/2021,7,,7,10,7,7,7,7,7,7,CB ,Deposits,78239,74,Retail Banking
Digital Banking,2021M02,2/18/2021,5,,7,7,7,7,7,7,7,7,CB ,Loans,78109,71,Retail Banking
Digital Banking,2021M02,2/19/2021,7,,7,10,7,7,7,7,7,7,PB ,Loans,75063,68,Private Banking
Digital Banking,2021M02,2/23/2021,6,,6,8,7,6,6,5,7,7,BB ,Deposits,78610,59,Retail Banking
Digital Banking,2021M02,2/19/2021,7,,7,10,7,7,7,6,6,6,CB ,Deposits,78620,69,Retail Banking
Digital Banking,2021M02,2/18/2021,6,,6,9,7,6,6,7,6,6,CB ,Deposits,78006,58,Retail Banking
Digital Banking,2021M02,2/23/2021,7,,7,10,7,7,7,6,7,7,CB ,Deposits,78006,49,Retail Banking
Digital Banking,2021M02,2/18/2021,1,,1,0,1,1,1,1,1,1,CB ,Deposits,78724,32,Retail Banking
Digital Banking,2021M02,2/23/2021,7,,7,10,7,7,7,7,7,7,CB ,Deposits,78109,78,Retail Banking
Digital Banking,2021M02,2/19/2021,7,,7,10,7,7,7,7,7,6,CB ,Deposits,27519,66,Retail Banking
Digital Banking,2021M02,2/20/2021,6,,6,8,7,6,5,6,6,6,CB ,Deposits,78610,64,Retail Banking
Digital Banking,2021M02,2/24/2021,7,,7,10,7,7,7,7,7,7,CB ,Deposits,78219,51,Retail Banking
Digital Banking,2021M02,2/23/2021,7,,7,10,7,7,7,7,7,7,CB ,Deposits,78230,70,Retail Banking
Digital Banking,2021M02,2/23/2021,7,,7,10,7,7,7,7,7,7,CB ,Deposits,78154,21,Retail Banking
Digital Banking,2021M02,2/23/2021,6,,7,10,7,7,7,7,7,7,CB ,Deposits,78247,78,Retail Banking
Digital Banking,2021M02,2/23/2021,5,,6,9,5,3,3,5,5,7,CB ,Deposits,78002,80,Retail Banking
Digital Banking,2021M02,2/22/2021,7,,7,10,7,7,7,7,7,7,CB ,Deposits,78209,67,Retail Banking
Digital Banking,2021M02,2/24/2021,6,,6,9,6,6,6,6,6,6,CB ,Deposits,78028,66,Retail Banking
Digital Banking,2021M02,2/22/2021,5,,6,7,6,6,6,5,4,6,CB ,Deposits,78245,83,Retail Banking
Digital Banking,2021M02,2/22/2021,6,,6,8,6,6,6,7,6,6,CB ,Deposits,78223,59,Retail Banking
Digital Banking,2021M02,2/22/2021,5,,6,8,6,6,6,6,6,6,CB ,Deposits,78217,68,Retail Banking
Digital Banking,2021M02,2/23/2021,7,,7,10,7,6,7,6,7,7,CB ,Deposits,76542,50,Retail Banking
Digital Banking,2021M02,2/23/2021,7,,7,10,7,7,5,5,6,7,CB ,Deposits,78201,56,Retail Banking
Digital Banking,2021M02,2/23/2021,7,,7,10,7,7,7,7,7,7,CB ,Deposits,78132,47,Business Banking
Digital Banking,2021M02,2/23/2021,7,,7,10,7,7,7,7,7,7,CB ,Deposits,78010,62,Retail Banking
Digital Banking,2021M02,2/24/2021,7,,7,10,7,7,7,7,7,7,CB ,Deposits,78209,53,Retail Banking
Digital Banking,2021M02,2/24/2021,7,,7,9,7,7,6,7,7,7,CB ,Deposits,33102,65,Retail Banking
Digital Banking,2021M02,2/25/2021,7,,7,10,7,7,7,7,7,7,CB ,Deposits,78133,76,Retail Banking
Digital Banking,2021M02,2/24/2021,7,,7,10,7,7,7,7,7,7,CB ,Loans,78254,35,Support
Digital Banking,2021M02,2/25/2021,6,,7,10,6,6,6,6,6,6,CB ,Deposits,78133,57,Retail Banking
Digital Banking,2021M02,2/25/2021,7,,3,3,7,7,7,7,7,7,CB ,Deposits,78251,66,Retail Banking
Digital Banking,2021M02,2/26/2021,6,,7,10,7,6,6,4,4,6,CB ,Deposits,78250,38,Retail Banking
Digital Banking,2021M02,2/26/2021,6,,6,10,7,7,7,7,6,7,CB ,Deposits,78028,68,Retail Banking
Digital Banking,2021M02,2/26/2021,6,,7,10,7,7,5,6,7,7,CB ,Deposits,78247,66,Retail Banking
Digital Banking,2021M03,3/1/2021,5,,6,9,7,5,6,4,3,7,CB ,Deposits,78114,66,Retail Banking
Digital Banking,2021M03,3/2/2021,7,,7,10,7,6,6,1,6,6,CB ,Deposits,78133,78,Retail Banking
Digital Banking,2021M03,3/3/2021,7,,7,10,7,7,7,7,7,7,CB ,Deposits,78003,61,Retail Banking
Digital Banking,2021M03,3/4/2021,7,,7,10,7,7,7,7,7,7,CB ,Deposits,78261,63,Retail Banking
Digital Banking,2021M03,3/3/2021,7,,7,10,7,7,7,7,7,7,CB ,Deposits,78070,53,Retail Banking
Digital Banking,2021M03,3/4/2021,4,,5,7,6,5,3,7,6,6,CB ,Loans,78006,58,Retail Banking
Digital Banking,2021M03,3/6/2021,5,,5,9,5,3,4,6,5,7,PB ,Deposits,78015,55,Private Banking
Digital Banking,2021M03,3/2/2021,7,,5,8,6,5,6,6,5,6,CB ,Deposits,78245,44,Retail Banking
Digital Banking,2021M03,3/5/2021,7,,7,9,6,6,7,6,5,7,CB ,Loans,78613,40,Retail Banking
Digital Banking,2021M03,3/6/2021,6,,6,8,6,5,5,5,6,7,BB ,Loans,78261,76,Retail Banking
Digital Banking,2021M03,3/3/2021,7,,7,10,7,7,7,7,7,7,CB ,Loans,78203,55,Retail Banking
Digital Banking,2021M03,3/5/2021,4,,7,5,7,7,7,7,7,7,CB ,Loans,78233,62,Retail Banking
Digital Banking,2021M03,3/10/2021,6,,6,10,6,6,6,5,6,7,CB ,Deposits,76543,53,Retail Banking
Digital Banking,2021M03,3/9/2021,7,,7,10,7,5,6,6,6,6,CB ,Deposits,78216,63,Retail Banking
Digital Banking,2021M03,3/8/2021,6,,5,7,5,5,5,5,5,6,CB ,Deposits,78250,68,Retail Banking
Digital Banking,2021M03,3/9/2021,7,,7,10,7,7,7,7,7,7,CB ,Deposits,78217,58,Retail Banking
Digital Banking,2021M03,3/9/2021,7,,7,10,7,7,7,7,7,7,PB ,Deposits,78070,64,Private Banking
Digital Banking,2021M03,3/9/2021,7,,7,10,7,7,7,7,7,7,CB ,Deposits,78861,63,Retail Banking
Digital Banking,2021M03,3/8/2021,7,,7,10,7,7,7,7,7,7,CB ,Deposits,78006,55,Retail Banking
Digital Banking,2021M03,3/10/2021,7,,7,10,7,6,5,6,6,7,CB ,Deposits,28215,77,Retail Banking
Digital Banking,2021M03,3/10/2021,5,,5,7,6,6,5,5,5,5,CB ,Deposits,78109,62,Retail Banking
Digital Banking,2021M03,3/10/2021,7,,7,10,7,7,7,7,7,7,CB ,Loans,37416,63,Retail Banking
Digital Banking,2021M03,3/10/2021,7,,7,10,7,7,6,5,7,7,CB ,Loans,78218,71,Retail Banking
Digital Banking,2021M03,3/10/2021,7,,7,10,7,7,7,7,7,7,BB ,Deposits,78006,62,Retail Banking
Digital Banking,2021M03,3/9/2021,6,,7,8,7,6,6,7,6,7,CB ,Deposits,78006,68,Retail Banking
Digital Banking,2021M03,3/10/2021,7,,1,8,7,7,7,2,2,7,BB ,Loans,78216,81,Business Banking
Digital Banking,2021M03,3/10/2021,7,,4,5,6,7,7,7,7,6,CB ,Loans,78163,58,Retail Banking
Digital Banking,2021M03,3/9/2021,7,,7,10,7,7,7,7,7,7,CB ,Deposits,78250,58,Retail Banking
Digital Banking,2021M03,3/9/2021,7,,6,8,6,6,5,6,6,5,CB ,Deposits,78028,85,Retail Banking
Digital Banking,2021M03,3/10/2021,7,,7,10,7,7,7,6,7,7,CB ,Loans,78056,72,Retail Banking
Digital Banking,2021M03,3/9/2021,2,,5,7,1,6,3,4,4,4,CB ,Deposits,78252,27,Retail Banking
Digital Banking,2021M03,3/10/2021,4,,5,4,4,4,4,5,4,5,CB ,Deposits,78247,67,Retail Banking
Digital Banking,2021M03,3/10/2021,6,,7,5,7,7,3,7,7,7,CB ,Deposits,78016,36,Retail Banking
Digital Banking,2021M03,3/11/2021,7,,7,7,7,7,3,7,7,7,CB ,Deposits,78010,38,Retail Banking
Digital Banking,2021M03,3/9/2021,7,,7,10,7,7,6,7,7,7,CB ,Deposits,78163,67,Retail Banking
Digital Banking,2021M03,3/9/2021,2,,2,1,3,2,3,2,3,2,CB ,Loans,34221,48,Retail Banking
Digital Banking,2021M03,3/12/2021,2,,2,1,4,1,2,1,1,4,CB ,Deposits,78258,58,Retail Banking
Digital Banking,2021M03,3/9/2021,7,,7,10,7,7,7,7,7,7,CB ,Deposits,78130,74,Retail Banking
Digital Banking,2021M03,3/10/2021,7,,4,5,7,6,2,4,5,7,CB ,Deposits,78258,28,Retail Banking
Digital Banking,2021M03,3/9/2021,7,,6,8,6,6,6,6,6,6,PB ,Loans,78266,74,Private Banking
Digital Banking,2021M03,3/10/2021,5,,5,8,7,7,6,7,7,7,CB ,Deposits,78758,30,Retail Banking
Digital Banking,2021M03,3/9/2021,7,,7,10,7,7,6,7,7,7,CB ,Deposits,78015,41,Retail Banking
Digital Banking,2021M03,3/10/2021,7,,7,10,7,7,7,7,7,7,CB ,Deposits,78220,31,Retail Banking
Digital Banking,2021M03,3/11/2021,7,,7,10,7,5,7,6,6,7,CB ,Loans,78209,52,Retail Banking
Digital Banking,2021M03,3/11/2021,3,,6,8,4,7,3,6,6,7,CB ,Deposits,78610,19,Retail Banking
Digital Banking,2021M03,3/11/2021,5,,3,2,6,5,2,3,4,4,CB ,Deposits,78245,21,Retail Banking
Digital Banking,2021M03,3/11/2021,1,,1,1,1,1,1,1,1,1,CB ,Loans,28209,46,Retail Banking
Digital Banking,2021M03,3/15/2021,6,,6,9,7,7,6,6,7,6,CB ,Deposits,78258,70,Retail Banking
Digital Banking,2021M03,3/15/2021,6,,6,10,6,6,5,6,6,7,CB ,Deposits,78228,49,Retail Banking
Digital Banking,2021M03,3/18/2021,6,,7,10,7,7,7,7,7,7,CB ,Deposits,78230,51,Retail Banking
Digital Banking,2021M03,3/18/2021,7,,7,10,7,7,7,7,7,7,CB ,Deposits,78260,60,Retail Banking
Digital Banking,2021M03,3/18/2021,7,,7,10,7,7,7,7,7,7,CB ,Deposits,78232,68,Retail Banking
Digital Banking,2021M03,3/19/2021,7,,7,10,6,6,6,6,6,7,CB ,Deposits,78155,67,Retail Banking
Digital Banking,2021M03,3/19/2021,7,,7,10,6,7,5,6,5,6,CB ,Deposits,78070,70,Retail Banking
Digital Banking,2021M03,3/20/2021,7,,7,10,7,7,6,7,7,7,CB ,Deposits,36360,74,Retail Banking
Digital Banking,2021M03,3/22/2021,4,,6,8,4,4,4,4,4,4,CB ,Deposits,78230,31,Retail Banking
Digital Banking,2021M03,3/22/2021,6,,7,10,7,7,7,7,7,7,CB ,Deposits,78228,75,Retail Banking
Digital Banking,2021M03,3/23/2021,7,,7,10,7,7,7,7,7,7,CB ,Deposits,78240,61,Retail Banking
Digital Banking,2021M03,3/24/2021,6,,7,10,7,6,5,6,7,7,PB ,Deposits,78232,62,Private Banking
Digital Banking,2021M03,3/24/2021,7,,7,10,7,6,6,6,7,7,CB ,Loans,78624,84,Retail Banking
Digital Banking,2021M03,3/25/2021,6,,6,5,7,6,6,6,7,7,BB ,Deposits,78029,48,Retail Banking
Digital Banking,2021M03,3/24/2021,6,,6,8,6,6,6,6,6,6,CB ,Deposits,78676,56,Retail Banking
Digital Banking,2021M03,3/24/2021,7,,7,10,7,7,7,7,7,7,CB ,Loans,78217,33,Retail Banking
Digital Banking,2021M03,3/26/2021,7,,7,10,7,7,7,7,7,7,CB ,Deposits,78253,64,Retail Banking
Digital Banking,2021M03,3/26/2021,4,,6,10,4,7,4,7,6,7,CB ,Deposits,78610,58,Retail Banking
Digital Banking,2021M03,3/25/2021,5,,6,10,5,6,4,4,6,7,CB ,Deposits,78023,59,Retail Banking
Digital Banking,2021M03,3/26/2021,7,,7,10,7,7,7,7,7,7,CB ,Loans,78209,71,Retail Banking
Digital Banking,2021M03,3/26/2021,7,,7,10,7,7,6,6,7,7,CB ,Deposits,78266,72,Retail Banking
Digital Banking,2021M03,3/27/2021,6,,6,9,6,6,6,6,6,6,CB ,Deposits,78154,65,Retail Banking
Digital Banking,2021M03,3/27/2021,7,,7,10,7,7,6,7,7,7,CB ,Deposits,78217,73,Retail Banking
Digital Banking,2021M03,3/30/2021,7,,7,10,7,7,7,7,7,7,CB ,Deposits,78676,67,Retail Banking
Digital Banking,2021M03,3/26/2021,5,,7,10,7,7,7,7,7,7,CB ,Deposits,78613,59,Retail Banking
Digital Banking,2021M03,3/29/2021,7,,6,8,7,7,7,7,7,7,CB ,Deposits,78258,73,Retail Banking
Digital Banking,2021M03,3/29/2021,7,,7,10,7,7,7,7,7,7,CB ,Deposits,78248,71,Retail Banking
Digital Banking,2021M03,3/29/2021,7,,7,10,7,7,7,7,7,7,CB ,Deposits,78861,54,Retail Banking
Digital Banking,2021M03,3/30/2021,5,,5,5,5,6,5,6,5,5,CB ,Deposits,78124,65,Retail Banking
Digital Banking,2021M03,3/31/2021,7,,7,10,7,7,4,7,7,7,BB ,Deposits,78265,59,Retail Banking
Digital Banking,2021M03,3/31/2021,6,,7,10,7,7,7,6,6,6,CB ,Deposits,78209,87,Retail Banking
,,,6.049011858,,,,,,,,,,,,,,
